category,type,subcategory,url
Christmas,Baubles & Tree Decorations,NA,https://www.marksandspencer.com/ae/l/christmas/baubles-and-tree-decorations/
Christmas,Christmas Lights,NA,https://www.marksandspencer.com/ae/l/christmas/christmas-lights/
Christmas,Room Decorations,NA,https://www.marksandspencer.com/ae/l/christmas/room-decorations/
Christmas,Wreaths & Garlands,NA,https://www.marksandspencer.com/ae/l/christmas/wreaths-and-garlands/
Christmas,Clothing,Top Gifts for Her,https://www.marksandspencer.com/ae/l/christmas/top-gifts-for-her/clothing/
Christmas,Slippers,Top Gifts for Her,https://www.marksandspencer.com/ae/l/christmas/top-gifts-for-her/slippers/
Christmas,Handbags & Accessories,Top Gifts for Her,https://www.marksandspencer.com/ae/l/christmas/top-gifts-for-her/handbags-and-accessories/
Christmas,Nightwear,Top Gifts for Her,https://www.marksandspencer.com/ae/l/christmas/top-gifts-for-her/nightwear/
Christmas,Home,Top Gifts for Her,https://www.marksandspencer.com/ae/l/christmas/top-gifts-for-her/home/
Christmas,Partywear,Top Gifts for Her,https://www.marksandspencer.com/ae/l/christmas/top-gifts-for-her/partywear/
Christmas,Christmas Jumpers & Novelty,Top Gifts for Her,https://www.marksandspencer.com/ae/l/christmas/top-gifts-for-her/christmas-jumpers-and-novelty/
Christmas,Stocking Fillers for Her,Top Gifts for Her,https://www.marksandspencer.com/ae/l/christmas/top-gifts-for-her/stocking-fillers-for-her/
Christmas,Dad,Top Gifts for Him,https://www.marksandspencer.com/ae/l/christmas/top-gifts-for-him/dad/
Christmas,Boyfriend,Top Gifts for Him,https://www.marksandspencer.com/ae/l/christmas/top-gifts-for-him/boyfriend/
Christmas,Socks,Top Gifts for Him,https://www.marksandspencer.com/ae/l/christmas/top-gifts-for-him/socks/
Christmas,Brother,Top Gifts for Him,https://www.marksandspencer.com/ae/l/christmas/top-gifts-for-him/brother/
Christmas,Husband,Top Gifts for Him,https://www.marksandspencer.com/ae/l/christmas/top-gifts-for-him/husband/
Christmas,Grandad,Top Gifts for Him,https://www.marksandspencer.com/ae/l/christmas/top-gifts-for-him/grandad/
Christmas,Teenage Boys,Top Gifts for Him,https://www.marksandspencer.com/ae/l/christmas/top-gifts-for-him/teenage-boys/
Christmas,Clothing,Top Gifts for Him,https://www.marksandspencer.com/ae/l/christmas/top-gifts-for-him/clothing/
Christmas,Partywear,Top Gifts for Him,https://www.marksandspencer.com/ae/l/christmas/top-gifts-for-him/partywear/
Christmas,Christmas jumpers,Top Gifts for Him,https://www.marksandspencer.com/ae/l/christmas/top-gifts-for-him/christmas-jumpers/
Christmas,Stocking Fillers for him,Top Gifts for Him,https://www.marksandspencer.com/ae/l/christmas/top-gifts-for-him/stocking-fillers-for-him/
Christmas,Slippers & Socks,Top Gifts for Him,https://www.marksandspencer.com/ae/l/christmas/top-gifts-for-him/slippers-and-socks/
Christmas,Accessories,Top Gifts for Him,https://www.marksandspencer.com/ae/l/christmas/top-gifts-for-him/accessories/
Christmas,Home,Top Gifts for Him,https://www.marksandspencer.com/ae/l/christmas/top-gifts-for-him/home/
Christmas,Top Gifts for Home,NA,https://www.marksandspencer.com/ae/l/christmas/top-gifts-for-home/
Christmas,Pyjamas & Onesies,Top Gifts for Kids & Babies,https://www.marksandspencer.com/ae/l/christmas/top-gifts-for-kids-and-babies/pyjamas-and-onesies/
Christmas,Character Shop,Top Gifts for Kids & Babies,https://www.marksandspencer.com/ae/l/christmas/top-gifts-for-kids-and-babies/character-shop/
Christmas,Christmas Jumpers & Novelty,Top Gifts for Kids & Babies,https://www.marksandspencer.com/ae/l/christmas/top-gifts-for-kids-and-babies/christmas-jumpers-and-novelty/
Christmas,Partywear for Kids,Top Gifts for Kids & Babies,https://www.marksandspencer.com/ae/l/christmas/top-gifts-for-kids-and-babies/partywear-for-kids/
Christmas,Gifts for Pets,NA,https://www.marksandspencer.com/ae/l/christmas/gifts-for-pets/
Christmas,For the Family,NA,https://www.marksandspencer.com/ae/l/christmas/for-the-family/
Christmas,For the Homemaker,NA,https://www.marksandspencer.com/ae/l/christmas/for-the-homemaker/
Christmas,Christmas Cards & Wrap,NA,https://www.marksandspencer.com/ae/l/christmas/christmas-cards-and-wrap/
Christmas,Luxury Gifts For Her,Luxury Gifts,https://www.marksandspencer.com/ae/l/christmas/luxury-gifts/luxury-gifts-for-her/
Christmas,Luxury Gifts For Him,Luxury Gifts,https://www.marksandspencer.com/ae/l/christmas/luxury-gifts/luxury-gifts-for-him/
Christmas,Luxury Gifts For Home,Luxury Gifts,https://www.marksandspencer.com/ae/l/christmas/luxury-gifts/luxury-gifts-for-home/
Christmas,Luxury Gifts for Kids,Luxury Gifts,https://www.marksandspencer.com/ae/l/christmas/luxury-gifts/luxury-gifts-for-kids/
Christmas,For Her,Stocking Fillers,https://www.marksandspencer.com/ae/l/christmas/stocking-fillers/for-her/
Christmas,For Him,Stocking Fillers,https://www.marksandspencer.com/ae/l/christmas/stocking-fillers/for-him/
Christmas,For Kids,Stocking Fillers,https://www.marksandspencer.com/ae/l/christmas/stocking-fillers/for-kids/
Christmas,Secret Santa,NA,https://www.marksandspencer.com/ae/l/christmas/secret-santa/
Christmas,Fun & Novelty Gifts,NA,https://www.marksandspencer.com/ae/l/christmas/fun-and-novelty-gifts/
Christmas,Gadgets & Sports Gifts,NA,https://www.marksandspencer.com/ae/l/christmas/gadgets-and-sports-gifts/
Christmas,Alphabet Gifts,NA,https://www.marksandspencer.com/ae/l/christmas/alphabet-gifts/
Christmas,For Her,Christmas Jumpers & Novelty,https://www.marksandspencer.com/ae/l/christmas/christmas-jumpers-and-novelty/for-her/
Christmas,For Him,Christmas Jumpers & Novelty,https://www.marksandspencer.com/ae/l/christmas/christmas-jumpers-and-novelty/for-him/
Christmas,For Kids,Christmas Jumpers & Novelty,https://www.marksandspencer.com/ae/l/christmas/christmas-jumpers-and-novelty/for-kids/
Christmas,Home,Christmas Jumpers & Novelty,https://www.marksandspencer.com/ae/l/christmas/christmas-jumpers-and-novelty/home/
Christmas,All Christmas Clothing,NA,https://www.marksandspencer.com/ae/l/christmas/all-christmas-clothing/
Christmas,Christmas Knitwear,NA,https://www.marksandspencer.com/ae/l/christmas/christmas-knitwear/
Christmas,Women's,Christmas Nightwear,https://www.marksandspencer.com/ae/l/christmas/christmas-nightwear/womens/
Christmas,Men's,Christmas Nightwear,https://www.marksandspencer.com/ae/l/christmas/christmas-nightwear/mens/
Christmas,Kids',Christmas Nightwear,https://www.marksandspencer.com/ae/l/christmas/christmas-nightwear/kids/
Christmas,Women's,Partywear,https://www.marksandspencer.com/ae/l/christmas/partywear/womens/
Christmas,Men's,Partywear,https://www.marksandspencer.com/ae/l/christmas/partywear/mens/
Christmas,Kid's,Partywear,https://www.marksandspencer.com/ae/l/christmas/partywear/kids/
Christmas,Cashmere,NA,https://www.marksandspencer.com/ae/l/christmas/cashmere/
Women,Coats & Jackets,All New,https://www.marksandspencer.com/ae/l/women/all-new/coats-and-jackets/
Women,Dresses,All New,https://www.marksandspencer.com/ae/l/women/all-new/dresses/
Women,Jumpers & Cardigans,All New,https://www.marksandspencer.com/ae/l/women/new-in-edit/jumpers-and-cardigans/
Women,Trousers & Chinos,All New,https://www.marksandspencer.com/ae/l/women/all-new/trousers-and-chinos/
Women,Skirts,All New,https://www.marksandspencer.com/ae/l/women/all-new/skirts/
Women,Jeans & Jeggings,All New,https://www.marksandspencer.com/ae/l/women/all-new/jeans-and-jeggings/
Women,Shorts,All New,https://www.marksandspencer.com/ae/l/women/all-new/shorts/
Women,Bags & Accessories,All New,https://www.marksandspencer.com/ae/l/women/all-new/bags-and-accessories/
Women,Footwear,All New,https://www.marksandspencer.com/ae/l/women/all-new/footwear/
Women,Tops & T-shirts,All New,https://www.marksandspencer.com/ae/l/women/all-new/tops-and-t-shirts/
Women,Joggers & Track Pants,Active & Sportswear,https://www.marksandspencer.com/ae/l/women/active-and-sportswear/joggers-and-track-pants/
Women,Leggings & Shorts,Active & Sportswear,https://www.marksandspencer.com/ae/l/women/active-and-sportswear/leggings-and-shorts/
Women,Sweatshirts,Active & Sportswear,https://www.marksandspencer.com/ae/l/women/active-and-sportswear/sweatshirts/
Women,Sets & Outfits,Active & Sportswear,https://www.marksandspencer.com/ae/l/women/active-and-sportswear/sets-and-outfits/
Women,Tops & T-Shirts,Active & Sportswear,https://www.marksandspencer.com/ae/l/women/active-and-sportswear/tops-and-t-shirts/
Women,Sports Jacket,Active & Sportswear,https://www.marksandspencer.com/ae/l/women/active-and-sportswear/sports-jacket/
Women,Sports Socks,Active & Sportswear,https://www.marksandspencer.com/ae/l/women/active-and-sportswear/sports-socks/
Women,Swimwear,Active & Sportswear,https://www.marksandspencer.com/ae/l/women/active-and-sportswear/swimwear/
Women,Sport Bras,Active & Sportswear,https://www.marksandspencer.com/ae/l/women/active-and-sportswear/sport-bras/
Women,Blazers,NA,https://www.marksandspencer.com/ae/l/women/blazers/
Women,Coats,Coats & Jackets,https://www.marksandspencer.com/ae/l/women/coats-and-jackets/coats/
Women,Jackets,Coats & Jackets,https://www.marksandspencer.com/ae/l/women/coats-and-jackets/jackets/
Women,Active Outdoor,Coats & Jackets,https://www.marksandspencer.com/ae/l/women/coats-and-jackets/active-outdoor/
Women,Bomber Jackets,Coats & Jackets,https://www.marksandspencer.com/ae/l/women/coats-and-jackets/bomber-jackets/
Women,Smart Coats,Coats & Jackets,https://www.marksandspencer.com/ae/l/women/coats-and-jackets/smart-coats/
Women,Mac & Trench,Coats & Jackets,https://www.marksandspencer.com/ae/l/women/coats-and-jackets/mac-and-trench/
Women,Blazers,Coats & Jackets,https://www.marksandspencer.com/ae/l/women/coats-and-jackets/blazers/
Women,Trench Coats & Macs,Coats & Jackets,https://www.marksandspencer.com/ae/l/women/coats-and-jackets/trench-coats-and-macs/
Women,Leather Jackets,Coats & Jackets,https://www.marksandspencer.com/ae/l/women/coats-and-jackets/leather-jackets/
Women,Padded & Quilted Coats,Coats & Jackets,https://www.marksandspencer.com/ae/l/women/coats-and-jackets/padded-and-quilted-coats/
Women,Raincoats,Coats & Jackets,https://www.marksandspencer.com/ae/l/women/coats-and-jackets/raincoats/
Women,Work Dresses,Dresses,https://www.marksandspencer.com/ae/l/women/dresses/work-dresses/
Women,Occasion Dresses,Dresses,https://www.marksandspencer.com/ae/l/women/dresses/party-cocktail-dresses/
Women,Bridesmaid Dresses,Dresses,https://www.marksandspencer.com/ae/l/women/dresses/bridesmaid-dresses/
Women,Jumpsuits & Playsuits,Dresses,https://www.marksandspencer.com/ae/l/women/dresses/jumpsuits-and-playsuits/
Women,Jeans,Jeans & Jeggings,https://www.marksandspencer.com/ae/l/women/jeans-and-jeggings/jeans/
Women,Jeggings,Jeans & Jeggings,https://www.marksandspencer.com/ae/l/women/jeans-and-jeggings/jeggings/
Women,Sculpt & Lift,Jeans & Jeggings,https://www.marksandspencer.com/ae/l/women/jeans-and-jeggings/tvarovac%C3%AD-oble%C4%8Den%C3%AD/
Women,Cropped Jeans,Jeans & Jeggings,https://www.marksandspencer.com/ae/l/women/jeans-and-jeggings/cropped-jeans/
Women,Coloured Jeans,Jeans & Jeggings,https://www.marksandspencer.com/ae/l/women/jeans-and-jeggings/coloured-jeans/
Women,Cashmere Sweaters,Knitwear,https://www.marksandspencer.com/ae/l/women/knitwear/cashmere-sweaters/
Women,Cosy Sweaters,Knitwear,https://www.marksandspencer.com/ae/l/women/knitwear/cosy-sweaters/
Women,Roll Necks,Knitwear,https://www.marksandspencer.com/ae/l/women/knitwear/roll-necks/
Women,Wool Sweaters,Knitwear,https://www.marksandspencer.com/ae/l/women/knitwear/wool-sweaters/
Women,Cardigans,Knitwear,https://www.marksandspencer.com/ae/l/women/knitwear/cardigans/
Women,Jumpers,Knitwear,https://www.marksandspencer.com/ae/l/women/knitwear/jumpers/
Women,Cashmere,Knitwear,https://www.marksandspencer.com/ae/l/women/knitwear/cashmere/
Women,Bras,Lingerie & Nightwear,https://www.marksandspencer.com/ae/l/women/lingerie-and-nightwear/bras/
Women,Knickers,Lingerie & Nightwear,https://www.marksandspencer.com/ae/l/women/lingerie-and-nightwear/knickers/
Women,Nightwear & Dressing Gowns,Lingerie & Nightwear,https://www.marksandspencer.com/ae/l/women/lingerie-and-nightwear/nightwear-and-dressing-gowns/
Women,Tights,Lingerie & Nightwear,https://www.marksandspencer.com/ae/l/women/lingerie-and-nightwear/tights/
Women,Thermals,Lingerie & Nightwear,https://www.marksandspencer.com/ae/l/women/lingerie-and-nightwear/thermals/
Women,Leggings,Leggings & Joggers,https://www.marksandspencer.com/ae/l/women/trousers-chinos-leggings/leggings/
Women,Joggers,Leggings & Joggers,https://www.marksandspencer.com/ae/l/women/leggings-and-joggers/joggers/
Women,Plain Shirts,Shirts & Blouses,https://www.marksandspencer.com/ae/l/women/shirts-and-blouses/plain-shirts/
Women,Printed Shirts,Shirts & Blouses,https://www.marksandspencer.com/ae/l/women/shirts-and-blouses/printed-shirts/
Women,Linen Shirts,Shirts & Blouses,https://www.marksandspencer.com/ae/l/women/shirts-and-blouses/linen-shirts/
Women,Work Shirts,Shirts & Blouses,https://www.marksandspencer.com/ae/l/women/shirts-and-blouses/work-shirts/
Women,Longline shirts,Shirts & Blouses,https://www.marksandspencer.com/ae/l/women/shirts-and-blouses/longline-shirts/
Women,Midi Skirts,Skirts,https://www.marksandspencer.com/ae/l/women/skirts/midi-skirts/
Women,Knee Length,Skirts,https://www.marksandspencer.com/ae/l/women/skirts/knee-length/
Women,Mini Skirts,Skirts,https://www.marksandspencer.com/ae/l/women/skirts/mini-skirts/
Women,Maxi Skirts,Skirts,https://www.marksandspencer.com/ae/l/women/skirts/maxi-skirts/
Women,Work Skirts,Skirts,https://www.marksandspencer.com/ae/l/women/skirts/work-skirts/
Women,Denim Skirts,Skirts,https://www.marksandspencer.com/ae/l/women/skirts/denim-skirts/
Women,Jackets & Blazers,Suits & Workwear,https://www.marksandspencer.com/ae/l/women/suits-and-workwear/jackets-and-blazers/
Women,Trousers,Suits & Workwear,https://www.marksandspencer.com/ae/l/women/workwear/pants/
Women,Work Dresses,Suits & Workwear,https://www.marksandspencer.com/ae/l/women/suits-and-workwear/work-dresses/
Women,Co-ords,Suits & Workwear,https://www.marksandspencer.com/ae/l/women/suits-and-workwear/co-ords/
Women,Work shirts,Suits & Workwear,https://www.marksandspencer.com/ae/l/women/suits-and-workwear/work-shirts/
Women,Skirts,Suits & Workwear,https://www.marksandspencer.com/ae/l/women/suits-and-workwear/skirts/
Women,Work Shoes,Suits & Workwear,https://www.marksandspencer.com/ae/l/women/suits-and-workwear/work-shoes/
Women,Bikini & Tankini Sets,Swim & Beachwear,https://www.marksandspencer.com/ae/l/women/swim-and-beachwear/bikini-and-tankini-sets/
Women,Swimsuits,Swim & Beachwear,https://www.marksandspencer.com/ae/l/women/swim-and-beachwear/swimsuits/
Women,Mix & Match Swimwear,Swim & Beachwear,https://www.marksandspencer.com/ae/l/women/swim-and-beachwear/mix-and-match-swimwear/
Women,Beachwear & Cover-ups,Swim & Beachwear,https://www.marksandspencer.com/ae/l/women/swim-and-beachwear/beachwear-and-cover-ups/
Women,DD+ Swimwear,Swim & Beachwear,https://www.marksandspencer.com/ae/l/women/swim-and-beachwear/dd-swimwear/
Women,Longer Length Swimwear,Swim & Beachwear,https://www.marksandspencer.com/ae/l/women/swim-and-beachwear/longer-length-swimwear/
Women,Post Surgery Swimwear,Swim & Beachwear,https://www.marksandspencer.com/ae/l/women/swim-and-beachwear/post-surgery-swimwear/
Women,Tummy Control Swimwear,Swim & Beachwear,https://www.marksandspencer.com/ae/l/women/swim-and-beachwear/tummy-control-swimwear/
Women,Bikinis,Swim & Beachwear,https://www.marksandspencer.com/ae/l/women/swim-and-beachwear/bikinis/
Women,Tankinis,Swim & Beachwear,https://www.marksandspencer.com/ae/l/women/swim-and-beachwear/tankinis/
Women,View All Beachwear,Swim & Beachwear,https://www.marksandspencer.com/ae/l/women/swim-and-beachwear/view-all-beachwear/
Women,Beach Dresses,Swim & Beachwear,https://www.marksandspencer.com/ae/l/women/swim-and-beachwear/beach-dresses/
Women,Casual Tops,Tops & T-Shirts,https://www.marksandspencer.com/ae/l/women/tops-and-t-shirts/casual-tops/
Women,Essential T-shirts,Tops & T-Shirts,https://www.marksandspencer.com/ae/l/women/tops-and-t-shirts/essential-t-shirts/
Women,Smart Tops,Tops & T-Shirts,https://www.marksandspencer.com/ae/l/women/tops-and-t-shirts/smart-tops/
Women,Going out tops,Tops & T-Shirts,https://www.marksandspencer.com/ae/l/women/tops-and-t-shirts/going-out-tops/
Women,Holiday tops,Tops & T-Shirts,https://www.marksandspencer.com/ae/l/women/tops-and-t-shirts/holiday-tops/
Women,Printed tops,Tops & T-Shirts,https://www.marksandspencer.com/ae/l/women/tops-and-t-shirts/printed-tops/
Women,Chinos,Trousers,https://www.marksandspencer.com/ae/l/women/trousers/chinos/
Women,Shorts,Trousers,https://www.marksandspencer.com/ae/l/women/trousers/shorts/
Women,Shorts,Trousers,https://www.marksandspencer.com/ae/l/women/trousers/shorts-2/
Women,Linen,Trousers,https://www.marksandspencer.com/ae/l/women/trousers/linen/
Women,Patterened & Print Trousers,Trousers,https://www.marksandspencer.com/ae/l/women/trousers/patterened-and-print-trousers/
Women,Summer Trousers,Trousers,https://www.marksandspencer.com/ae/l/women/trousers/summer-trousers/
Women,Work Trousers,Trousers,https://www.marksandspencer.com/ae/l/women/trousers/work-trousers/
Women,Jumpers,Cashmere,https://www.marksandspencer.com/ae/l/women/cashmere-3/jumpers/
Women,Cardigans,Cashmere,https://www.marksandspencer.com/ae/l/women/cashmere-3/cardigans/
Women,All Boots,All Footwear,https://www.marksandspencer.com/ae/l/women/all-footwear/all-boots/
Women,Loafers,All Footwear,https://www.marksandspencer.com/ae/l/women/all-footwear/loafers/
Women,Ankle Boots,All Footwear,https://www.marksandspencer.com/ae/l/women/all-footwear/ankle-boots/
Women,Extra Wide Fit Shoes,All Footwear,https://www.marksandspencer.com/ae/l/women/all-footwear/extra-wide-fit-shoes/
Women,Court Shoes,All Footwear,https://www.marksandspencer.com/ae/l/women/all-footwear/court-shoes/
Women,Occasion & Party Shoes,All Footwear,https://www.marksandspencer.com/ae/l/women/all-footwear/occasion-and-party-shoes/
Women,All Shoes,All Footwear,https://www.marksandspencer.com/ae/l/women/all-footwear/all-shoes/
Women,All Sandals,All Footwear,https://www.marksandspencer.com/ae/l/women/all-footwear/all-sandals/
Women,Work Shoes & Boots,All Footwear,https://www.marksandspencer.com/ae/l/women/all-footwear/work-shoes-and-boots/
Women,Trainers,All Footwear,https://www.marksandspencer.com/ae/l/women/all-footwear/trainers/
Women,Slippers,All Footwear,https://www.marksandspencer.com/ae/l/women/all-footwear/slippers/
Women,Flats,All Footwear,https://www.marksandspencer.com/ae/l/women/all-footwear/flats/
Women,Ankle Boots,Boots,https://www.marksandspencer.com/ae/l/women/all-footwear/all-boots/ankle-boots/
Women,Flat Sandals,Sandals,https://www.marksandspencer.com/ae/l/women/all-footwear/all-sandals/flat-sandals/
Women,Heeled Sandals,Sandals,https://www.marksandspencer.com/ae/l/women/all-footwear/all-sandals/heeled-sandals/
Women,Court Shoes,Shoes,https://www.marksandspencer.com/ae/l/women/all-footwear/all-shoes/court-shoes/
Women,Pumps,Shoes,https://www.marksandspencer.com/ae/l/women/all-footwear/all-shoes/pumps/
Women,Loafers,Shoes,https://www.marksandspencer.com/ae/l/women/all-footwear/all-shoes/loafers/
Women,Wedding shoes,Shoes,https://www.marksandspencer.com/ae/l/women/all-footwear/all-shoes/wedding-shoes/
Women,Slippers,NA,https://www.marksandspencer.com/ae/l/women/slippers/
Women,Bags & Purses,All Accessories,https://www.marksandspencer.com/ae/l/women/all-accessories/bags-and-purses/
Women,Belts,All Accessories,https://www.marksandspencer.com/ae/l/women/all-accessories/belts/
Women,"Hats, Scarves & Gloves",All Accessories,https://www.marksandspencer.com/ae/l/women/all-accessories/hats-scarves-and-gloves/
Women,"Wraps, Capes & Ponchos",All Accessories,https://www.marksandspencer.com/ae/l/women/all-accessories/wraps-capes-and-ponchos/
Women,Umbrellas,All Accessories,https://www.marksandspencer.com/ae/l/women/all-accessories/umbrellas/
Women,Occasion Hats & Fascinators,All Accessories,https://www.marksandspencer.com/ae/l/women/all-accessories/occasion-hats-and-fascinators/
Women,Sunglasses,All Accessories,https://www.marksandspencer.com/ae/l/women/all-accessories/sunglasses/
Women,Reading Glasses,All Accessories,https://www.marksandspencer.com/ae/l/women/all-accessories/reading-glasses/
Women,Handbags & Purses,NA,https://www.marksandspencer.com/ae/l/women/handbags-and-purses/
Women,Jewellery & Watches,NA,https://www.marksandspencer.com/ae/l/women/jewellery-and-watches/
Women,Animal Print,NA,https://www.marksandspencer.com/ae/l/women/animal-print/
Women,Spot On,NA,https://www.marksandspencer.com/ae/l/women/spot-on/
Women,Must-Haves,NA,https://www.marksandspencer.com/ae/l/women/must-haves/
Women,Holly's Must Haves,NA,https://www.marksandspencer.com/ae/l/women/hollys-must-haves/
Women,Mother of the Bride,Wedding & Special Occasions,https://www.marksandspencer.com/ae/l/women/wedding-and-special-occasions/mother-of-the-bride/
Women,Occasionwear,Wedding & Special Occasions,https://www.marksandspencer.com/ae/l/women/wedding-and-special-occasions/occasionwear/
Women,Bridesmaid Dresses,Wedding & Special Occasions,https://www.marksandspencer.com/ae/l/women/wedding-and-special-occasions/bridesmaid-dresses/
Women,Bridal Lingerie,Wedding & Special Occasions,https://www.marksandspencer.com/ae/l/women/wedding-and-special-occasions/bridal-lingerie/
Women,Occasion Shoes,Wedding & Special Occasions,https://www.marksandspencer.com/ae/l/women/wedding-and-special-occasions/occasion-shoes/
Women,Occasion Hats & Fascinators,Wedding & Special Occasions,https://www.marksandspencer.com/ae/l/women/wedding-and-special-occasions/occasion-hats-and-fascinators/
Women,Occasion Bags,Wedding & Special Occasions,https://www.marksandspencer.com/ae/l/women/wedding-and-special-occasions/occasion-bags/
Women,Shapewear,Wedding & Special Occasions,https://www.marksandspencer.com/ae/l/women/wedding-and-special-occasions/shapewear/
Women,Strapless & Multiway Bras,Wedding & Special Occasions,https://www.marksandspencer.com/ae/l/women/wedding-and-special-occasions/strapless-and--multiway-bras/
Women,Occasion Jewellery,Wedding & Special Occasions,https://www.marksandspencer.com/ae/l/women/wedding-and-special-occasions/occasion-jewellery/
Women,Wedding & Occasion Suits,Wedding & Special Occasions,https://www.marksandspencer.com/ae/l/women/wedding-and-special-occasions/wedding-and-occasion-suits/
Women,Formal Shirts,Wedding & Special Occasions,https://www.marksandspencer.com/ae/l/women/wedding-and-special-occasions/formal-shirts/
Women,Smart shoes,Wedding & Special Occasions,https://www.marksandspencer.com/ae/l/women/wedding-and-special-occasions/smart-shoes/
Women,Ties & Formal Accessories,Wedding & Special Occasions,https://www.marksandspencer.com/ae/l/women/wedding-and-special-occasions/ties-and-formal-accessories/
Women,Three Piece Suits,Wedding & Special Occasions,https://www.marksandspencer.com/ae/l/women/wedding-and-special-occasions/three-piece-suits/
Women,Cufflinks,Wedding & Special Occasions,https://www.marksandspencer.com/ae/l/women/wedding-and-special-occasions/cufflinks/
Women,Blazers & Smart Jackets,Wedding & Special Occasions,https://www.marksandspencer.com/ae/l/women/wedding-and-special-occasions/blazers-and-smart-jackets/
Women,Waistcoats,Wedding & Special Occasions,https://www.marksandspencer.com/ae/l/women/wedding-and-special-occasions/waistcoats/
Women,Page Boys,Wedding & Special Occasions,https://www.marksandspencer.com/ae/l/women/wedding-and-special-occasions/page-boys/
Women,Flower Girls,Wedding & Special Occasions,https://www.marksandspencer.com/ae/l/women/wedding-and-special-occasions/flower-girls/
Women,Girls' partywear,Wedding & Special Occasions,https://www.marksandspencer.com/ae/l/women/wedding-and-special-occasions/girls-partywear/
Women,Boys' Suits,Wedding & Special Occasions,https://www.marksandspencer.com/ae/l/women/wedding-and-special-occasions/boys-suits/
Women,Boys' partywear,Wedding & Special Occasions,https://www.marksandspencer.com/ae/l/women/wedding-and-special-occasions/boys-partywear/
Women,Girls' shoes & accessories,Wedding & Special Occasions,https://www.marksandspencer.com/ae/l/women/wedding-and-special-occasions/girls-shoes-and-accessories/
Women,Boys' shoes & accessories,Wedding & Special Occasions,https://www.marksandspencer.com/ae/l/women/wedding-and-special-occasions/boys-shoes-and-accessories/
Women,Baby Occasionwear,Wedding & Special Occasions,https://www.marksandspencer.com/ae/l/women/wedding-and-special-occasions/baby-occasionwear/
Women,Dresses,Curve: Plus Size,https://www.marksandspencer.com/ae/l/women/curve-plus-size/dresses/
Women,Coats & Jackets,Curve: Plus Size,https://www.marksandspencer.com/ae/l/women/curve-plus-size/coats-and-jackets/
Women,Jumpers & Cardigans,Curve: Plus Size,https://www.marksandspencer.com/ae/l/women/curve-plus-size/jumpers-and-cardigans/
Women,Tops & T-Shirts,Curve: Plus Size,https://www.marksandspencer.com/ae/l/women/curve-plus-size/tops-and-t-shirts/
Women,Skirts,Curve: Plus Size,https://www.marksandspencer.com/ae/l/women/curve-plus-size/skirts/
Women,Trousers & Leggings,Curve: Plus Size,https://www.marksandspencer.com/ae/l/women/curve-plus-size/trousers-and-leggings/
Women,Plus Size Suits & Tailoring,Curve: Plus Size,https://www.marksandspencer.com/ae/l/women/curve-plus-size/plus-size-suits-and-tailoring/
Women,Bras,Maternity,https://www.marksandspencer.com/ae/l/women/maternity/bras/
Women,Maternity Clothing,Maternity,https://www.marksandspencer.com/ae/l/women/maternity/maternity-clothing/
Women,Nightwear,Maternity,https://www.marksandspencer.com/ae/l/women/maternity/nightwear/
Women,Tights,Maternity,https://www.marksandspencer.com/ae/l/women/maternity/tights/
Women,Dresses,Petite,https://www.marksandspencer.com/ae/l/women/petite/dresses/
Women,Skirts,Petite,https://www.marksandspencer.com/ae/l/women/petite/skirts/
Women,Trousers & Leggings,Petite,https://www.marksandspencer.com/ae/l/women/petite/trousers-and-leggings/
Women,Coats & Jackets,Petite,https://www.marksandspencer.com/ae/l/women/petite/coats-and-jackets/
Women,Jumpers & Cardigans,Petite,https://www.marksandspencer.com/ae/l/women/petite/jumpers-and-cardigans/
Women,Tops & T-Shirts,Petite,https://www.marksandspencer.com/ae/l/women/petite/tops-and-t-shirts/
Lingerie,Lace Bras,All Bras,https://www.marksandspencer.com/ae/l/lingerie/all-bras/lace-bras/
Lingerie,DD+ Bras,All Bras,https://www.marksandspencer.com/ae/l/lingerie/all-bras/dd-bras/
Lingerie,First Bras,All Bras,https://www.marksandspencer.com/ae/l/lingerie/all-bras/first-bras/
Lingerie,Maternity & Nursing Bras,All Bras,https://www.marksandspencer.com/ae/l/lingerie/all-bras/maternity-and-nursing-bras/
Lingerie,Memory Foam,All Bras,https://www.marksandspencer.com/ae/l/lingerie/all-bras/memory-foam/
Lingerie,Minimiser Bras,All Bras,https://www.marksandspencer.com/ae/l/lingerie/all-bras/minimiser-bras/
Lingerie,Balcony Bras,All Bras,https://www.marksandspencer.com/ae/l/lingerie/all-bras/balcony-bras/
Lingerie,Plunge Bras,All Bras,https://www.marksandspencer.com/ae/l/lingerie/all-bras/plunge-bras/
Lingerie,Bralets,All Bras,https://www.marksandspencer.com/ae/l/lingerie/all-bras/bralets/
Lingerie,Padded Bras,All Bras,https://www.marksandspencer.com/ae/l/lingerie/all-bras/padded-bras/
Lingerie,Non-wired Bras,All Bras,https://www.marksandspencer.com/ae/l/lingerie/all-bras/non-wired-bras/
Lingerie,Full Cup Bras,All Bras,https://www.marksandspencer.com/ae/l/lingerie/all-bras/full-cup-bras/
Lingerie,Multipack Bras,All Bras,https://www.marksandspencer.com/ae/l/lingerie/all-bras/multipack-bras/
Lingerie,Push Up Bras,All Bras,https://www.marksandspencer.com/ae/l/lingerie/all-bras/push-up-bras/
Lingerie,Sports Bras,All Bras,https://www.marksandspencer.com/ae/l/lingerie/all-bras/sports-bras/
Lingerie,Strapless & Multiway Bras,All Bras,https://www.marksandspencer.com/ae/l/lingerie/all-bras/strapless-and-multiway-bras/
Lingerie,Total Support,All Bras,https://www.marksandspencer.com/ae/l/lingerie/all-bras/total-support/
Lingerie,Bra Accessories,All Bras,https://www.marksandspencer.com/ae/l/lingerie/all-bras/bra-accessories/
Lingerie,T-Shirt Bras,All Bras,https://www.marksandspencer.com/ae/l/lingerie/all-bras/t-shirt-bras/
Lingerie,Bralets,NA,https://www.marksandspencer.com/ae/l/lingerie/bralets/
Lingerie,DD+ Bras,NA,https://www.marksandspencer.com/ae/l/lingerie/dd-bras/
Lingerie,Maternity Bras,NA,https://www.marksandspencer.com/ae/l/lingerie/maternity-bras/
Lingerie,Post Surgery Bras,NA,https://www.marksandspencer.com/ae/l/lingerie/post-surgery-bras/
Lingerie,Strapless Bras,NA,https://www.marksandspencer.com/ae/l/lingerie/strapless--bras/
Lingerie,Sports Bras,NA,https://www.marksandspencer.com/ae/l/lingerie/sports-bras/
Lingerie,T-Shirt Bras,NA,https://www.marksandspencer.com/ae/l/lingerie/t-shirt-bras/
Lingerie,3 for 2 Knickers,All Knickers,https://www.marksandspencer.com/ae/l/lingerie/all-knickers/3-for-2-knickers/
Lingerie,Multipack Knickers,All Knickers,https://www.marksandspencer.com/ae/l/lingerie/briefs/multipack-briefs/
Lingerie,Brazilian Knickers,All Knickers,https://www.marksandspencer.com/ae/l/lingerie/all-knickers/brazilian-knickers/
Lingerie,Full brief Knickers,All Knickers,https://www.marksandspencer.com/ae/l/lingerie/all-knickers/full-brief-knickers/
Lingerie,Shapewear Knickers,All Knickers,https://www.marksandspencer.com/ae/l/lingerie/all-knickers/shapewear-knickers/
Lingerie,Single Knickers,All Knickers,https://www.marksandspencer.com/ae/l/lingerie/all-knickers/single-knickers/
Lingerie,Cotton Knickers,All Knickers,https://www.marksandspencer.com/ae/l/lingerie/all-knickers/cotton-knickers/
Lingerie,No VPL Knickers,All Knickers,https://www.marksandspencer.com/ae/l/lingerie/all-knickers/no-vpl-knickers/
Lingerie,Plus Size Knickers,All Knickers,https://www.marksandspencer.com/ae/l/lingerie/all-knickers/plus-size-knickers/
Lingerie,High leg Knickers,All Knickers,https://www.marksandspencer.com/ae/l/lingerie/all-knickers/high-leg-knickers-2/
Lingerie,Multipacks,NA,https://www.marksandspencer.com/ae/l/lingerie/briefs/multipack-briefs-redirect/
Lingerie,Dressing Gowns,All Nightwear,https://www.marksandspencer.com/ae/l/lingerie/all-nightwear/dressing-gowns/
Lingerie,All Pyjamas,All Nightwear,https://www.marksandspencer.com/ae/l/lingerie/all-nightwear/all-pyjamas/
Lingerie,Pyjama Sets,All Nightwear,https://www.marksandspencer.com/ae/l/lingerie/all-nightwear/pyjama-sets/
Lingerie,Pyjama Tops,All Nightwear,https://www.marksandspencer.com/ae/l/lingerie/all-nightwear/pyjama-tops/
Lingerie,Pyjama Bottoms,All Nightwear,https://www.marksandspencer.com/ae/l/lingerie/all-nightwear/pyjama-bottoms/
Lingerie,Nightdresses,All Nightwear,https://www.marksandspencer.com/ae/l/lingerie/all-nightwear/nightdresses/
Lingerie,Slippers,All Nightwear,https://www.marksandspencer.com/ae/l/lingerie/all-nightwear/slippers/
Lingerie,Onesies,All Nightwear,https://www.marksandspencer.com/ae/l/lingerie/all-nightwear/onesies/
Lingerie,Cotton Nightwear,All Nightwear,https://www.marksandspencer.com/ae/l/lingerie/all-nightwear/cotton-nightwear/
Lingerie,Dressing Gowns,NA,https://www.marksandspencer.com/ae/l/lingerie/dressing-gowns/
Lingerie,Nightdresses,NA,https://www.marksandspencer.com/ae/l/lingerie/nightdresses/
Lingerie,Pyjamas,NA,https://www.marksandspencer.com/ae/l/lingerie/pyjamas-1/
Lingerie,Slippers,NA,https://www.marksandspencer.com/ae/l/lingerie/slippers/
Lingerie,Autograph,Lingerie Sets,https://www.marksandspencer.com/ae/l/lingerie/lingerie-sets/autograph/
Lingerie,DD+ Lingerie Sets,Lingerie Sets,https://www.marksandspencer.com/ae/l/lingerie/lingerie-sets/dd-lingerie-sets/
Lingerie,M&S Collection,Lingerie Sets,https://www.marksandspencer.com/ae/l/lingerie/lingerie-sets/mands-collection/
Lingerie,Rosie for Autograph,Lingerie Sets,https://www.marksandspencer.com/ae/l/lingerie/lingerie-sets/rosie-for-autograph/
Lingerie,Bras,Rosie for Autograph,https://www.marksandspencer.com/ae/l/lingerie/rosie-for-autograph-2/bras/
Lingerie,Knickers,Rosie for Autograph,https://www.marksandspencer.com/ae/l/lingerie/rosie-for-autograph-2/knickers/
Lingerie,Lingerie Sets,Rosie for Autograph,https://www.marksandspencer.com/ae/l/lingerie/rosie-for-autograph-2/lingerie-sets/
Lingerie,Nightwear,Rosie for Autograph,https://www.marksandspencer.com/ae/l/lingerie/rosie-for-autograph-2/nightwear/
Lingerie,Bras,Sexy Lingerie,https://www.marksandspencer.com/ae/l/lingerie/sexy-lingerie-2/bras/
Lingerie,Knickers,Sexy Lingerie,https://www.marksandspencer.com/ae/l/lingerie/sexy-lingerie-2/knickers/
Lingerie,Bodies,Sexy Lingerie,https://www.marksandspencer.com/ae/l/lingerie/sexy-lingerie-2/bodies/
Lingerie,Nightwear,Sexy Lingerie,https://www.marksandspencer.com/ae/l/lingerie/sexy-lingerie-2/nightwear/
Lingerie,Lingerie Sets,Sexy Lingerie,https://www.marksandspencer.com/ae/l/lingerie/sexy-lingerie-2/lingerie-sets/
Lingerie,Flexifit,NA,https://www.marksandspencer.com/ae/l/lingerie/flexifit/
Lingerie,Ankle & Knee Highs,Tights,https://www.marksandspencer.com/ae/l/lingerie/tights/ankle-and-knee-highs/
Lingerie,Fashion Tights,Tights,https://www.marksandspencer.com/ae/l/lingerie/tights/fashion-tights/
Lingerie,Stockings & Hold-ups,Tights,https://www.marksandspencer.com/ae/l/lingerie/tights/stockings-and-hold-ups/
Lingerie,Multipack Tights,Tights,https://www.marksandspencer.com/ae/l/lingerie/tights/multipack-tights/
Lingerie,Opaque Tights,Tights,https://www.marksandspencer.com/ae/l/lingerie/tights/opaque-tights/
Lingerie,Shaping & Support Tights,Tights,https://www.marksandspencer.com/ae/l/lingerie/tights/shaping-and-support-tights/
Lingerie,Sheer Tights,Tights,https://www.marksandspencer.com/ae/l/lingerie/tights/sheer-tights/
Lingerie,Ankle Socks,Socks,https://www.marksandspencer.com/ae/l/lingerie/socks/ankle-socks/
Lingerie,Bed Socks,Socks,https://www.marksandspencer.com/ae/l/lingerie/socks/bed-socks/
Lingerie,Footsies,Socks,https://www.marksandspencer.com/ae/l/lingerie/socks/footsies/
Lingerie,Slipper Socks,Socks,https://www.marksandspencer.com/ae/l/lingerie/socks/slipper-socks/
Lingerie,Thermal Socks,Socks,https://www.marksandspencer.com/ae/l/lingerie/socks/thermal-socks/
Lingerie,Shoe Solutions,Socks,https://www.marksandspencer.com/ae/l/lingerie/socks/shoe-solutions/
Lingerie,Cosy Socks,Socks,https://www.marksandspencer.com/ae/l/lingerie/socks/cosy-socks/
Lingerie,Sports Socks & Trainer Liners,Socks,https://www.marksandspencer.com/ae/l/lingerie/socks/sports-socks-and-trainer-liners/
Lingerie,Multipack Socks,Socks,https://www.marksandspencer.com/ae/l/lingerie/socks/multipack-socks/
Lingerie,Kneehigh Socks,Socks,https://www.marksandspencer.com/ae/l/lingerie/socks/kneehigh-socks/
Lingerie,Bodies,NA,https://www.marksandspencer.com/ae/l/lingerie/bodies/
Lingerie,Firm Control Shaping Slips,Slips,https://www.marksandspencer.com/ae/l/lingerie/slips/firm-control-shaping-slips/
Lingerie,Full Slips,Slips,https://www.marksandspencer.com/ae/l/lingerie/slips/full-slips/
Lingerie,Light Control Shaping Slips,Slips,https://www.marksandspencer.com/ae/l/lingerie/slips/light-control-shaping-slips/
Lingerie,Waist Slips,Slips,https://www.marksandspencer.com/ae/l/lingerie/slips/waist-slips/
Lingerie,Wear Your Own Bra Slips,Slips,https://www.marksandspencer.com/ae/l/lingerie/slips/wear-your-own-bra-slips/
Lingerie,Hosiery,Shapewear,https://www.marksandspencer.com/ae/l/lingerie/shapewear/hosiery/
Lingerie,Bum & Thighs,Shapewear,https://www.marksandspencer.com/ae/l/lingerie/shapewear/bum-and-thighs/
Lingerie,Waist & Tummy,Shapewear,https://www.marksandspencer.com/ae/l/lingerie/shapewear/waist-and-tummy/
Lingerie,Whole Body,Shapewear,https://www.marksandspencer.com/ae/l/lingerie/shapewear/whole-body/
Lingerie,Heatgen Thermals,Thermals,https://www.marksandspencer.com/ae/l/lingerie/thermals/heatgen-thermals/
Lingerie,Socks & Tights,Thermals,https://www.marksandspencer.com/ae/l/lingerie/thermals/socks-and-tights/
Lingerie,Thermal Leggings,Thermals,https://www.marksandspencer.com/ae/l/lingerie/thermals/thermal-leggings/
Lingerie,Thermal Multipacks,Thermals,https://www.marksandspencer.com/ae/l/lingerie/thermals/thermal-multipacks/
Lingerie,Thermal Tops,Thermals,https://www.marksandspencer.com/ae/l/lingerie/thermals/thermal-tops/
Lingerie,Crop Tops,Vests & Camisoles,https://www.marksandspencer.com/ae/l/lingerie/vests-and-camisoles/crop-tops/
Lingerie,Camisoles,Vests & Camisoles,https://www.marksandspencer.com/ae/l/lingerie/vests-and-camisoles/camisoles/
Lingerie,Vests,Vests & Camisoles,https://www.marksandspencer.com/ae/l/lingerie/vests-and-camisoles/vests/
Lingerie,Secret Support Vests,Vests & Camisoles,https://www.marksandspencer.com/ae/l/lingerie/vests-and-camisoles/secret-support-vests/
Lingerie,Shapewear Vests,Vests & Camisoles,https://www.marksandspencer.com/ae/l/lingerie/vests-and-camisoles/shapewear-vests/
Lingerie,Thermal Vests,Vests & Camisoles,https://www.marksandspencer.com/ae/l/lingerie/vests-and-camisoles/thermal-vests/
Men,Formal Shirts,Big & Tall,https://www.marksandspencer.com/ae/l/men/big-and-tall/formal-shirts/
Men,Suits,Big & Tall,https://www.marksandspencer.com/ae/l/men/big-and-tall/suits/
Men,Casual shirts,Big & Tall,https://www.marksandspencer.com/ae/l/men/big-and-tall/casual-shirts/
Men,Coats & Jackets,Big & Tall,https://www.marksandspencer.com/ae/l/men/big-and-tall/coats-and-jackets/
Men,Jumpers & Cardigans,Big & Tall,https://www.marksandspencer.com/ae/l/men/big-and-tall/jumpers-and-cardigans/
Men,Nightwear,Big & Tall,https://www.marksandspencer.com/ae/l/men/big-and-tall/nightwear/
Men,"Trousers, Chinos & Jeans",Big & Tall,https://www.marksandspencer.com/ae/l/men/big-and-tall/trousers-chinos-and-jeans/
Men,Blazers & Formal Jackets,Big & Tall,https://www.marksandspencer.com/ae/l/men/big-and-tall/blazers-and-formal-jackets/
Men,"Tops, T-Shirts & Polos",Big & Tall,https://www.marksandspencer.com/ae/l/men/big-and-tall/tops-t-shirts-and-polos/
Men,Big & Tall,Casual Shirts,https://www.marksandspencer.com/ae/l/men/casual-shirts/big-and-tall/
Men,Regular Fit,Casual Shirts,https://www.marksandspencer.com/ae/l/men/casual-shirts/regular-fit/
Men,Slim Fit,Casual Shirts,https://www.marksandspencer.com/ae/l/men/casual-shirts/slim-fit/
Men,Tailored Fit,Casual Shirts,https://www.marksandspencer.com/ae/l/men/casual-shirts/tailored-fit/
Men,Chinos,Casual Trousers & Chinos,https://www.marksandspencer.com/ae/l/men/casual-trousers-and-chinos/chinos/
Men,Jeans,Casual Trousers & Chinos,https://www.marksandspencer.com/ae/l/men/casual-trousers-and-chinos/jeans/
Men,Cords & Moleskin Trousers,Casual Trousers & Chinos,https://www.marksandspencer.com/ae/l/men/casual-trousers-and-chinos/cords-and-moleskin-trousers/
Men,Joggers,Casual Trousers & Chinos,https://www.marksandspencer.com/ae/l/men/casual-trousers-and-chinos/joggers/
Men,Gilet,Coats & Casual Jackets,https://www.marksandspencer.com/ae/l/men/coats-and-casual-jackets/gilet/
Men,Formal,Coats & Casual Jackets,https://www.marksandspencer.com/ae/l/men/coats-and-casual-jackets/formal/
Men,Casual,Coats & Casual Jackets,https://www.marksandspencer.com/ae/l/men/coats-and-casual-jackets/casual/
Men,Bomber Jackets,Coats & Casual Jackets,https://www.marksandspencer.com/ae/l/men/coats-and-casual-jackets/bomber-jackets/
Men,Macs & Trench Coats,Coats & Casual Jackets,https://www.marksandspencer.com/ae/l/men/coats-and-casual-jackets/macs-and-trench-coats/
Men,Parka,Coats & Casual Jackets,https://www.marksandspencer.com/ae/l/men/coats-and-casual-jackets/parka/
Men,Jeans,NA,https://www.marksandspencer.com/ae/l/men/jeans/
Men,Joggers,NA,https://www.marksandspencer.com/ae/l/men/joggers/
Men,Cashmere,Jumpers & Cardigans,https://www.marksandspencer.com/ae/l/men/jumpers-and-cardigans/cashmere/
Men,Lambswool,Jumpers & Cardigans,https://www.marksandspencer.com/ae/l/men/jumpers-and-cardigans/lambswool/
Men,Merino,Jumpers & Cardigans,https://www.marksandspencer.com/ae/l/men/jumpers-and-cardigans/merino/
Men,Cardigans,Jumpers & Cardigans,https://www.marksandspencer.com/ae/l/men/jumpers-and-cardigans/cardigans/
Men,Hoodies and Fleece,Jumpers & Cardigans,https://www.marksandspencer.com/ae/l/men/jumpers-and-cardigans/hoodies-and-fleece/
Men,Jumpers,Jumpers & Cardigans,https://www.marksandspencer.com/ae/l/men/jumpers-and-cardigans/jumpers/
Men,Sports Socks,Sportswear,https://www.marksandspencer.com/ae/l/men/sportswear/sports-socks/
Men,Jogging Bottoms,Sportswear,https://www.marksandspencer.com/ae/l/men/sportswear/jogging-bottoms/
Men,Swimwear,Sportswear,https://www.marksandspencer.com/ae/l/men/sportswear/swimwear/
Men,Hoodies & Sweatshirts,Sportswear,https://www.marksandspencer.com/ae/l/men/sportswear/hoodies-and-sweatshirts/
Men,Swimwear,NA,https://www.marksandspencer.com/ae/l/men/swimwear/
Men,Polo Shirts,"Tops, T-Shirts & Polos",https://www.marksandspencer.com/ae/l/men/tops-t-shirts-and-polos/polo-shirts/
Men,Printed T-Shirts,"Tops, T-Shirts & Polos",https://www.marksandspencer.com/ae/l/men/tops-t-shirts-and-polos/printed-t-shirts/
Men,Rugby Shirts,"Tops, T-Shirts & Polos",https://www.marksandspencer.com/ae/l/men/tops-t-shirts-and-polos/rugby-shirts/
Men,Stay New Tops & T-Shirts,"Tops, T-Shirts & Polos",https://www.marksandspencer.com/ae/l/men/tops-t-shirts-and-polos/stay-new-tops-and-t-shirts/
Men,Regular fit shirts,Formal Shirts,https://www.marksandspencer.com/ae/l/men/formal-shirts/regular-fit-shirts/
Men,Slim fit shirts,Formal Shirts,https://www.marksandspencer.com/ae/l/men/formal-shirts/slim-fit-shirts/
Men,Tailored fit shirts,Formal Shirts,https://www.marksandspencer.com/ae/l/men/formal-shirts/tailored-fit-shirts/
Men,Big & Tall,Formal Shirts,https://www.marksandspencer.com/ae/l/men/formal-shirts/big-and-tall/
Men,Non Iron Shirts,Formal Shirts,https://www.marksandspencer.com/ae/l/men/formal-shirts/non-iron-shirts/
Men,Easy to Iron Shirts,Formal Shirts,https://www.marksandspencer.com/ae/l/men/formal-shirts/easy-to-iron-shirts/
Men,Multipack Shirts,Formal Shirts,https://www.marksandspencer.com/ae/l/men/formal-shirts/multipack-shirts/
Men,Twill Shirts,Formal Shirts,https://www.marksandspencer.com/ae/l/men/formal-shirts/twill-shirts/
Men,Dinner Shirts,Formal Shirts,https://www.marksandspencer.com/ae/l/men/formal-shirts/dinner-shirts/
Men,Oxford,Formal Shirts,https://www.marksandspencer.com/ae/l/men/formal-shirts/oxford/
Men,Luxury Shirts,Formal Shirts,https://www.marksandspencer.com/ae/l/men/formal-shirts/luxury-shirts/
Men,Slim Fit,Smart Trousers,https://www.marksandspencer.com/ae/l/men/smart-trousers/slim-fit/
Men,Regular Fit,Smart Trousers,https://www.marksandspencer.com/ae/l/men/smart-trousers/regular-fit/
Men,Tailored Fit,Smart Trousers,https://www.marksandspencer.com/ae/l/men/smart-trousers/tailored-fit/
Men,Linen Blazers,Jackets & Blazers,https://www.marksandspencer.com/ae/l/men/jackets-and-blazers/linen-blazers/
Men,Pure wool,Jackets & Blazers,https://www.marksandspencer.com/ae/l/men/jackets-and-blazers/pure-wool/
Men,Tweed Jackets,Jackets & Blazers,https://www.marksandspencer.com/ae/l/men/jackets-and-blazers/tweed-jackets/
Men,Big & Tall,All Suits,https://www.marksandspencer.com/ae/l/men/all-suits/big-and-tall/
Men,Regular Fit,All Suits,https://www.marksandspencer.com/ae/l/men/all-suits/regular-fit/
Men,Slim Fit,All Suits,https://www.marksandspencer.com/ae/l/men/all-suits/slim-fit/
Men,Modern Slim Fit,All Suits,https://www.marksandspencer.com/ae/l/men/all-suits/modern-slim-fit/
Men,Tailored Fit,All Suits,https://www.marksandspencer.com/ae/l/men/all-suits/tailored-fit/
Men,Work Suits,All Suits,https://www.marksandspencer.com/ae/l/men/all-suits/work-suits/
Men,Machine Washable Suits,All Suits,https://www.marksandspencer.com/ae/l/men/all-suits/machine-washable-suits/
Men,Performance Suits,All Suits,https://www.marksandspencer.com/ae/l/men/all-suits/performance-suits/
Men,3 Piece Suits,All Suits,https://www.marksandspencer.com/ae/l/men/all-suits/3-piece-suits/
Men,Prom Suits,All Suits,https://www.marksandspencer.com/ae/l/men/all-suits/prom-suits/
Men,Summer Suits,All Suits,https://www.marksandspencer.com/ae/l/men/all-suits/summer-suits/
Men,Wedding & Occasion Suits,All Suits,https://www.marksandspencer.com/ae/l/men/all-suits/wedding-and-occasion-suits/
Men,Dinner Suits,All Suits,https://www.marksandspencer.com/ae/l/men/all-suits/dinner-suits/
Men,Suit Buying Guide,NA,https://www.marksandspencer.com/ae/l/men/suit-buying-guide/
Men,Big & Tall Suits,NA,https://www.marksandspencer.com/ae/l/men/big-and-tall-suits/
Men,Waistcoats,NA,https://www.marksandspencer.com/ae/l/men/waistcoats/
Men,Suits,Workwear,https://www.marksandspencer.com/ae/l/men/workwear/suits/
Men,Formal Shirts,Workwear,https://www.marksandspencer.com/ae/l/men/workwear/formal-shirts/
Men,Formal Trousers,Workwear,https://www.marksandspencer.com/ae/l/men/workwear/formal-trousers/
Men,Work Suits,Workwear,https://www.marksandspencer.com/ae/l/men/workwear/work-suits/
Men,Big & Tall,Workwear,https://www.marksandspencer.com/ae/l/men/workwear/big-and-tall/
Men,Washable Suits,Workwear,https://www.marksandspencer.com/ae/l/men/workwear/washable-suits/
Men,Smart Shoes,Workwear,https://www.marksandspencer.com/ae/l/men/workwear/smart-shoes/
Men,Ties & Formal Accessories,Workwear,https://www.marksandspencer.com/ae/l/men/workwear/ties-and-formal-accessories/
Men,Casual Shirts,Holiday Shop,https://www.marksandspencer.com/ae/l/men/holiday-shop/casual-shirts/
Men,Casual Trousers & Chinos,Holiday Shop,https://www.marksandspencer.com/ae/l/men/holiday-shop/casual-trousers-and-chinos/
Men,Swim & Beachwear,Holiday Shop,https://www.marksandspencer.com/ae/l/men/holiday-shop/swim-and-beachwear/
Men,Linen Shop,Holiday Shop,https://www.marksandspencer.com/ae/l/men/holiday-shop/linen-shop/
Men,"Tops, T-Shirts & Polos",Holiday Shop,https://www.marksandspencer.com/ae/l/men/holiday-shop/tops-t-shirts-and-polos/
Men,Shorts,Holiday Shop,https://www.marksandspencer.com/ae/l/men/holiday-shop/shorts/
Men,Holiday Shoes,Holiday Shop,https://www.marksandspencer.com/ae/l/men/holiday-shop/holiday-shoes/
Men,Hats,Holiday Shop,https://www.marksandspencer.com/ae/l/men/holiday-shop/hats/
Men,Sunglasses,Holiday Shop,https://www.marksandspencer.com/ae/l/men/holiday-shop/sunglasses/
Men,Beach Towels,Holiday Shop,https://www.marksandspencer.com/ae/l/men/holiday-shop/beach-towels/
Men,Mother of the Bride,Wedding shop,https://www.marksandspencer.com/ae/l/women/wedding-and-special-occasions/mother-of-the-bride/
Men,Occasionwear,Wedding shop,https://www.marksandspencer.com/ae/l/women/wedding-and-special-occasions/occasionwear/
Men,Bridesmaid Dresses,Wedding shop,https://www.marksandspencer.com/ae/l/women/wedding-and-special-occasions/bridesmaid-dresses/
Men,Bridal Lingerie,Wedding shop,https://www.marksandspencer.com/ae/l/women/wedding-and-special-occasions/bridal-lingerie/
Men,Occasion Shoes,Wedding shop,https://www.marksandspencer.com/ae/l/women/wedding-and-special-occasions/occasion-shoes/
Men,Occasion Hats & Fascinators,Wedding shop,https://www.marksandspencer.com/ae/l/women/wedding-and-special-occasions/occasion-hats-and-fascinators/
Men,Occasion Bags,Wedding shop,https://www.marksandspencer.com/ae/l/women/wedding-and-special-occasions/occasion-bags/
Men,Shapewear,Wedding shop,https://www.marksandspencer.com/ae/l/women/wedding-and-special-occasions/shapewear/
Men,Strapless & Multiway Bras,Wedding shop,https://www.marksandspencer.com/ae/l/women/wedding-and-special-occasions/strapless-and--multiway-bras/
Men,Occasion Jewellery,Wedding shop,https://www.marksandspencer.com/ae/l/women/wedding-and-special-occasions/occasion-jewellery/
Men,Wedding & Occasion Suits,Wedding shop,https://www.marksandspencer.com/ae/l/women/wedding-and-special-occasions/wedding-and-occasion-suits/
Men,Formal Shirts,Wedding shop,https://www.marksandspencer.com/ae/l/women/wedding-and-special-occasions/formal-shirts/
Men,Smart shoes,Wedding shop,https://www.marksandspencer.com/ae/l/women/wedding-and-special-occasions/smart-shoes/
Men,Ties & Formal Accessories,Wedding shop,https://www.marksandspencer.com/ae/l/women/wedding-and-special-occasions/ties-and-formal-accessories/
Men,Three Piece Suits,Wedding shop,https://www.marksandspencer.com/ae/l/women/wedding-and-special-occasions/three-piece-suits/
Men,Cufflinks,Wedding shop,https://www.marksandspencer.com/ae/l/women/wedding-and-special-occasions/cufflinks/
Men,Blazers & Smart Jackets,Wedding shop,https://www.marksandspencer.com/ae/l/women/wedding-and-special-occasions/blazers-and-smart-jackets/
Men,Waistcoats,Wedding shop,https://www.marksandspencer.com/ae/l/women/wedding-and-special-occasions/waistcoats/
Men,Page Boys,Wedding shop,https://www.marksandspencer.com/ae/l/women/wedding-and-special-occasions/page-boys/
Men,Flower Girls,Wedding shop,https://www.marksandspencer.com/ae/l/women/wedding-and-special-occasions/flower-girls/
Men,Girls' partywear,Wedding shop,https://www.marksandspencer.com/ae/l/women/wedding-and-special-occasions/girls-partywear/
Men,Boys' Suits,Wedding shop,https://www.marksandspencer.com/ae/l/women/wedding-and-special-occasions/boys-suits/
Men,Boys' partywear,Wedding shop,https://www.marksandspencer.com/ae/l/women/wedding-and-special-occasions/boys-partywear/
Men,Girls' shoes & accessories,Wedding shop,https://www.marksandspencer.com/ae/l/women/wedding-and-special-occasions/girls-shoes-and-accessories/
Men,Boys' shoes & accessories,Wedding shop,https://www.marksandspencer.com/ae/l/women/wedding-and-special-occasions/boys-shoes-and-accessories/
Men,Baby Occasionwear,Wedding shop,https://www.marksandspencer.com/ae/l/women/wedding-and-special-occasions/baby-occasionwear/
Men,Pyjamas,Pyjamas & Dressing Gowns,https://www.marksandspencer.com/ae/l/men/pyjamas-and-dressing-gowns/pyjamas/
Men,Loungewear,Pyjamas & Dressing Gowns,https://www.marksandspencer.com/ae/l/men/pyjamas-and-dressing-gowns/loungewear/
Men,Dressing Gowns,Pyjamas & Dressing Gowns,https://www.marksandspencer.com/ae/l/men/pyjamas-and-dressing-gowns/dressing-gowns/
Men,Thermals,Pyjamas & Dressing Gowns,https://www.marksandspencer.com/ae/l/men/pyjamas-and-dressing-gowns/thermals/
Men,Trunks,Underwear,https://www.marksandspencer.com/ae/l/men/underwear/trunks/
Men,Thermal Underwear,Underwear,https://www.marksandspencer.com/ae/l/men/underwear/thermal-underwear/
Men,Boxers,Underwear,https://www.marksandspencer.com/ae/l/men/underwear/boxers/
Men,Briefs,Underwear,https://www.marksandspencer.com/ae/l/men/underwear/briefs/
Men,Cool & Fresh Range,Underwear,https://www.marksandspencer.com/ae/l/men/underwear/cool-and-fresh-range/
Men,Hipsters,Underwear,https://www.marksandspencer.com/ae/l/men/underwear/hipsters/
Men,Vests,Underwear,https://www.marksandspencer.com/ae/l/men/underwear/vests/
Men,Smart Shoes,Footwear,https://www.marksandspencer.com/ae/l/men/footwear/smart-shoes/
Men,Casual Shoes,Footwear,https://www.marksandspencer.com/ae/l/men/footwear/casual-shoes/
Men,Boots,Footwear,https://www.marksandspencer.com/ae/l/men/footwear/boots/
Men,Holiday Shoes,Footwear,https://www.marksandspencer.com/ae/l/men/footwear/holiday-shoes/
Men,Trainers,Footwear,https://www.marksandspencer.com/ae/l/men/footwear/trainers/
Men,Loafers,Footwear,https://www.marksandspencer.com/ae/l/men/footwear/loafers/
Men,Sandals,Footwear,https://www.marksandspencer.com/ae/l/men/footwear/sandals/
Men,Boat Shoes,Footwear,https://www.marksandspencer.com/ae/l/men/footwear/boat-shoes/
Men,Brogues,Footwear,https://www.marksandspencer.com/ae/l/men/footwear/brogues/
Men,Airflex Shoes,Footwear,https://www.marksandspencer.com/ae/l/men/footwear/airflex-shoes/
Men,Slippers,Footwear,https://www.marksandspencer.com/ae/l/men/footwear/slippers/
Men,Slippers,NA,https://www.marksandspencer.com/ae/l/men/slippers/
Men,Character,Socks,https://www.marksandspencer.com/ae/l/men/socks/character/
Men,Easy Grip Socks,Socks,https://www.marksandspencer.com/ae/l/men/socks/easy-grip-socks/
Men,Freshfeet,Socks,https://www.marksandspencer.com/ae/l/men/socks/freshfeet/
Men,Longer Length,Socks,https://www.marksandspencer.com/ae/l/men/socks/longer-length/
Men,Sports & Trainer Liners,Socks,https://www.marksandspencer.com/ae/l/men/socks/sports-and-trainer-liners/
Men,Thermal Socks,Socks,https://www.marksandspencer.com/ae/l/men/socks/thermal-socks/
Men,Walking Socks,Socks,https://www.marksandspencer.com/ae/l/men/socks/walking-socks/
Men,Bags & Briefcases,All Accessories,https://www.marksandspencer.com/ae/l/men/all-accessories/bags-and-briefcases/
Men,Belts & Braces,All Accessories,https://www.marksandspencer.com/ae/l/men/all-accessories/belts-and-braces/
Men,Handkerchiefs,All Accessories,https://www.marksandspencer.com/ae/l/men/all-accessories/handkerchiefs/
Men,Hats,All Accessories,https://www.marksandspencer.com/ae/l/men/all-accessories/hats/
Men,Leather Accessories,All Accessories,https://www.marksandspencer.com/ae/l/men/all-accessories/leather-accessories/
Men,Ties & Formal Accessories,All Accessories,https://www.marksandspencer.com/ae/l/men/all-accessories/ties-and-formal-accessories/
Men,Umbrellas,All Accessories,https://www.marksandspencer.com/ae/l/men/all-accessories/umbrellas/
Men,Wallets,All Accessories,https://www.marksandspencer.com/ae/l/men/all-accessories/wallets/
Men,Wardrobe Essentials,All Accessories,https://www.marksandspencer.com/ae/l/men/all-accessories/wardrobe-essentials/
Men,Watches,All Accessories,https://www.marksandspencer.com/ae/l/men/all-accessories/watches/
Men,Wallets,NA,https://www.marksandspencer.com/ae/l/men/wallets/
Men,Bags & Briefcases,NA,https://www.marksandspencer.com/ae/l/men/bags-and-briefcases/
Men,Ties & Formal Accessories,NA,https://www.marksandspencer.com/ae/l/men/ties-and-formal-accessories/
Baby,Jumpers & Cardigans,All Baby Boys,https://www.marksandspencer.com/ae/l/baby/all-baby-boys/jumpers-and-cardigans/
Baby,Sets & Outfits,All Baby Boys,https://www.marksandspencer.com/ae/l/baby/all-baby-boys/sets-and-outfits/
Baby,Shorts & Swimwear,All Baby Boys,https://www.marksandspencer.com/ae/l/baby/all-baby-boys/shorts-and-swimwear/
Baby,Tops,All Baby Boys,https://www.marksandspencer.com/ae/l/baby/all-baby-boys/tops/
Baby,Trousers & Jeans,All Baby Boys,https://www.marksandspencer.com/ae/l/baby/all-baby-boys/trousers-and-jeans/
Baby,Coats & Jackets,All Baby Boys,https://www.marksandspencer.com/ae/l/baby/all-baby-boys/coats-and-jackets/
Baby,"Shoes, Socks & Booties",All Baby Boys,https://www.marksandspencer.com/ae/l/baby/all-baby-boys/shoes-socks-and-booties/
Baby,Bodysuits & Sleepsuits,All Baby Boys,https://www.marksandspencer.com/ae/l/baby/all-baby-boys/bodysuits-and-sleepsuits/
Baby,Dungarees & Bib Shorts,All Baby Boys,https://www.marksandspencer.com/ae/l/baby/all-baby-boys/dungarees-and-bib-shorts/
Baby,Bibs & Muslins,All Baby Boys,https://www.marksandspencer.com/ae/l/baby/all-baby-boys/bibs-and-muslins/
Baby,Blankets & Shawls,All Baby Boys,https://www.marksandspencer.com/ae/l/baby/all-baby-boys/blankets-and-shawls/
Baby,Hats & Mittens,All Baby Boys,https://www.marksandspencer.com/ae/l/baby/all-baby-boys/hats-and-mittens/
Baby,Special Needs Bodies & Sleepsuits (3-16 years),Bodysuits & Sleepsuits,https://www.marksandspencer.com/ae/l/baby/bodysuits-and-sleepsuits-3/special-needs-bodies-and-sleepsuits-3-16-years/
Baby,Coats & Jackets,NA,https://www.marksandspencer.com/ae/l/baby-boys/coats-snowsuits/
Baby,Dungarees & Bib Shorts,NA,https://www.marksandspencer.com/ae/l/baby-boys/dungarees-bib-shorts/
Baby,Hats & Mittens,NA,https://www.marksandspencer.com/ae/l/baby-boys/hats-mittens/
Baby,Trousers and Jeans,NA,https://www.marksandspencer.com/ae/l/baby-boys/trousers-and-jeans/
Baby,Sets & Outfits,NA,https://www.marksandspencer.com/ae/l/baby-boys/sets-outfits/
Baby,"Shoes, Socks & Booties",NA,https://www.marksandspencer.com/ae/l/baby-boys/shoes/
Baby,Jumpers & Cardigans,NA,https://www.marksandspencer.com/ae/l/baby-boys/jumpers-cardigans/
Baby,Swimwear,NA,https://www.marksandspencer.com/ae/l/baby-boys/swimwear/
Baby,All Tops,Tops,https://www.marksandspencer.com/ae/l/baby/tops/all-tops/
Baby,T-shirts,Tops,https://www.marksandspencer.com/ae/l/baby/tops/t-shirts/
Baby,Shirt,Tops,https://www.marksandspencer.com/ae/l/baby/tops/shirt/
Baby,PoloShirts,Tops,https://www.marksandspencer.com/ae/l/baby/tops/poloshirts/
Baby,Trousers & Jeans,All Baby Girls,https://www.marksandspencer.com/ae/l/baby/all-baby-girls/trousers-and-jeans/
Baby,Tops,All Baby Girls,https://www.marksandspencer.com/ae/l/baby/all-baby-girls/tops/
Baby,Sets & Outfits,All Baby Girls,https://www.marksandspencer.com/ae/l/baby/all-baby-girls/sets-and-outfits/
Baby,Jumpers & Cardigans,All Baby Girls,https://www.marksandspencer.com/ae/l/baby/all-baby-girls/jumpers-and-cardigans/
Baby,Dresses,All Baby Girls,https://www.marksandspencer.com/ae/l/baby/all-baby-girls/dresses/
Baby,Coats & Jackets,All Baby Girls,https://www.marksandspencer.com/ae/l/baby/all-baby-girls/coats-and-jackets/
Baby,Dungarees & Bib Shorts,All Baby Girls,https://www.marksandspencer.com/ae/l/baby/all-baby-girls/dungarees-and-bib-shorts/
Baby,Bodysuits & Sleepsuits,All Baby Girls,https://www.marksandspencer.com/ae/l/baby/all-baby-girls/bodysuits-and-sleepsuits/
Baby,Swimwear,All Baby Girls,https://www.marksandspencer.com/ae/l/baby/all-baby-girls/swimwear/
Baby,"Shoes, Socks & Tights",All Baby Girls,https://www.marksandspencer.com/ae/l/baby/all-baby-girls/shoes-socks-and-tights/
Baby,Bibs & Muslins,All Baby Girls,https://www.marksandspencer.com/ae/l/baby/all-baby-girls/bibs-and-muslins/
Baby,Blankets & Shawls,All Baby Girls,https://www.marksandspencer.com/ae/l/baby/all-baby-girls/blankets-and-shawls/
Baby,Hats & Mittens,All Baby Girls,https://www.marksandspencer.com/ae/l/baby/all-baby-girls/hats-and-mittens/
Baby,Special Needs Bodies & Sleepsuits (3-16 years),Bodysuits & Sleepsuits,https://www.marksandspencer.com/ae/l/baby/bodysuits-and-sleepsuits-3/special-needs-bodies-and-sleepsuits-3-16-years/
Baby,Coats & Jackets,NA,https://www.marksandspencer.com/ae/l/baby-girls/coats-snowsuits/
Baby,Dresses,NA,https://www.marksandspencer.com/ae/l/baby/dresses/
Baby,Hats & Mittens,NA,https://www.marksandspencer.com/ae/l/baby-girls/hats-mittens/
Baby,Trousers and Jeans,NA,https://www.marksandspencer.com/ae/l/baby-girls/trousers-and-jeans/
Baby,Sets & Outfits,NA,https://www.marksandspencer.com/ae/l/baby-girls/sets-outfits/
Baby,"Shoes, Socks & Tights",NA,https://www.marksandspencer.com/ae/l/baby/shoes-socks-and-tights/
Baby,Swimwear,NA,https://www.marksandspencer.com/ae/l/baby-girls/swimwear/
Baby,Jumpers & Cardigans,NA,https://www.marksandspencer.com/ae/l/baby-girls/jumpers-cardigans/
Baby,Tops,Tops,https://www.marksandspencer.com/ae/l/baby/tops-2/tops/
Baby,T-shirts,Tops,https://www.marksandspencer.com/ae/l/baby/tops-2/t-shirts/
Baby,Kaftan,Tops,https://www.marksandspencer.com/ae/l/baby/tops-2/kaftan/
Baby,Baby Occasionwear,NA,https://www.marksandspencer.com/ae/l/baby/baby-occasionwear/
Baby,Bibs & Muslins,NA,https://www.marksandspencer.com/ae/l/baby-unisex/bibs-muslins/
Baby,Special Needs Bodies & Sleepsuits (3-16 years),Bodysuits & Sleepsuits,https://www.marksandspencer.com/ae/l/baby/bodysuits-and-sleepsuits-3/special-needs-bodies-and-sleepsuits-3-16-years/
Baby,Christening,NA,https://www.marksandspencer.com/ae/l/baby/christening/
Baby,Coats & Jackets,NA,https://www.marksandspencer.com/ae/l/baby/coats-and-jackets-3/
Baby,Newborn,NA,https://www.marksandspencer.com/ae/l/baby/newborn/
Baby,"Shawls, Blankets & Towels",NA,https://www.marksandspencer.com/ae/l/baby/shawls-blankets-and-towels/
Baby,Special Needs Bodysuits,NA,https://www.marksandspencer.com/ae/l/baby/special-needs-bodysuits/
Baby,Hat Scarfs & Gloves,NA,https://www.marksandspencer.com/ae/l/baby/hat-scarfs-and-gloves/
Baby,Sleeping Bags,NA,https://www.marksandspencer.com/ae/l/baby/sleeping-bags/
Kids,Blazers,Girls' Uniform,https://www.marksandspencer.com/ae/l/kids/girls-uniform/blazers/
Kids,Blouses & Polo Shirts,Girls' Uniform,https://www.marksandspencer.com/ae/l/kids/girls-uniform/blouses-and-polo-shirts/
Kids,Dresses & Pinafores,Girls' Uniform,https://www.marksandspencer.com/ae/l/kids/girls-uniform/dresses-and-pinafores/
Kids,Jumpers & Cardigans,Girls' Uniform,https://www.marksandspencer.com/ae/l/kids/girls-uniform/jumpers-and-cardigans/
Kids,Multipacks,Girls' Uniform,https://www.marksandspencer.com/ae/l/kids/girls-uniform/multipacks/
Kids,School Shoes & Plimsolls,Girls' Uniform,https://www.marksandspencer.com/ae/l/kids/girls-uniform/school-shoes-and-plimsolls/
Kids,Skirts,Girls' Uniform,https://www.marksandspencer.com/ae/l/kids/girls-uniform/skirts/
Kids,"Socks, Tights & Underwear",Girls' Uniform,https://www.marksandspencer.com/ae/l/kids/girls-uniform/socks-tights-and-underwear/
Kids,Sportswear,Girls' Uniform,https://www.marksandspencer.com/ae/l/kids/girls-uniform/sportswear/
Kids,Teen uniform,Girls' Uniform,https://www.marksandspencer.com/ae/l/kids/girls-uniform/teen-uniform/
Kids,Trousers & Shorts,Girls' Uniform,https://www.marksandspencer.com/ae/l/kids/girls-uniform/trousers-and-shorts/
Kids,Blazers,Boys' Uniform,https://www.marksandspencer.com/ae/l/kids/boys-uniform/blazers/
Kids,Shirts & Polo Shirts,Boys' Uniform,https://www.marksandspencer.com/ae/l/kids/boys-uniform/shirts-and-polo-shirts/
Kids,Jumpers,Boys' Uniform,https://www.marksandspencer.com/ae/l/kids/boys-uniform/jumpers/
Kids,Multipacks,Boys' Uniform,https://www.marksandspencer.com/ae/l/kids/boys-uniform/multipacks/
Kids,School Shoes & Trainers,Boys' Uniform,https://www.marksandspencer.com/ae/l/kids/boys-uniform/school-shoes-and-trainers/
Kids,Sports Kits,Boys' Uniform,https://www.marksandspencer.com/ae/l/kids/boys-uniform/sports-kits/
Kids,Teen Uniform,Boys' Uniform,https://www.marksandspencer.com/ae/l/kids/boys-uniform/teen-uniform/
Kids,Socks & Underwear,Boys' Uniform,https://www.marksandspencer.com/ae/l/kids/boys-uniform/socks-and-underwear/
Kids,Trousers,Boys' Uniform,https://www.marksandspencer.com/ae/l/kids/boys-uniform/trousers/
Kids,All Boys' School Uniform,School Uniform Shop,https://www.marksandspencer.com/ae/l/kids/school-uniform-shop/all-boys-school-uniform/
Kids,Blazers,School Uniform Shop,https://www.marksandspencer.com/ae/l/kids-boys/school-uniform/blazers/
Kids,Coats,School Uniform Shop,https://www.marksandspencer.com/ae/l/kids/school-uniform-shop/coats/
Kids,Jumpers,School Uniform Shop,https://www.marksandspencer.com/ae/l/kids/school-uniform-shop/jumpers/
Kids,Multipacks,School Uniform Shop,https://www.marksandspencer.com/ae/l/kids-boys/school-uniform/multipacks/
Kids,School Shoes & Trainers,School Uniform Shop,https://www.marksandspencer.com/ae/l/ni%C3%B1os/tiende-de-uniformes-escolares-chicos/zapatos-colegiales/
Kids,Shirts & Polo Shirts,School Uniform Shop,https://www.marksandspencer.com/ae/l/kids/school-uniform-shop/shirts-and-polo-shirts/
Kids,Socks & Underwear,School Uniform Shop,https://www.marksandspencer.com/ae/l/kids/school-uniform-shop/socks-and-underwear/
Kids,Sports Kits,School Uniform Shop,https://www.marksandspencer.com/ae/l/kids/school-uniform/activewear/
Kids,Teen Uniform,School Uniform Shop,https://www.marksandspencer.com/ae/l/kids-boys/school-uniform/teen-uniform/
Kids,Trousers,School Uniform Shop,https://www.marksandspencer.com/ae/l/kids/school-uniform-shop/trousers/
Kids,All Girls' School Uniform,School Uniform Shop,https://www.marksandspencer.com/ae/l/kids/school-uniform-shop/all-girls-school-uniform/
Kids,Blazers,School Uniform Shop,https://www.marksandspencer.com/ae/l/kids-girls/school-uniform/blazers/
Kids,Blouses & Polo Shirts,School Uniform Shop,https://www.marksandspencer.com/ae/l/kids/school-uniform-shop/blouses-and-polo-shirts/
Kids,Dresses & Pinafores,School Uniform Shop,https://www.marksandspencer.com/ae/l/kids/school-uniform-shop/dresses-and-pinafores/
Kids,Jumpers & Cardigans,School Uniform Shop,https://www.marksandspencer.com/ae/l/kids/school-uniform-shop/jumpers-and-cardigans/
Kids,Multipacks,School Uniform Shop,https://www.marksandspencer.com/ae/l/kids-girls/school-uniform/multipacks/
Kids,School Shoes & Plimsolls,School Uniform Shop,https://www.marksandspencer.com/ae/l/kids/school-uniform-shop/school-shoes-and-plimsolls/
Kids,School Skirts,School Uniform Shop,https://www.marksandspencer.com/ae/l/kids/school-uniform-shop/school-skirts/
Kids,"Socks, Tights & Underwear",School Uniform Shop,https://www.marksandspencer.com/ae/l/kids-girls/school-uniform/socks-tights-and-underwear/
Kids,Sports & Dance,School Uniform Shop,https://www.marksandspencer.com/ae/l/kids/school-uniform-shop/sports-and-dance/
Kids,Teen Uniform,School Uniform Shop,https://www.marksandspencer.com/ae/l/kids-girls/school-uniform/teen-uniform/
Kids,Trousers,School Uniform Shop,https://www.marksandspencer.com/ae/l/kids/school-uniform-shop/trousers-2/
Kids,All School Uniform,School Uniform Shop,https://www.marksandspencer.com/ae/l/kids/school-uniform-shop/all-school-uniform/
Kids,Joggers & Sport Kits,School Uniform Shop,https://www.marksandspencer.com/ae/l/kids/school-uniform-shop/joggers-and-sport-kits/
Kids,Lunch Boxes & Bottles,School Uniform Shop,https://www.marksandspencer.com/ae/l/kids/school-uniform-shop/lunch-boxes-and-bottles/
Kids,Multipacks,School Uniform Shop,https://www.marksandspencer.com/ae/l/kids/school-uniform-shop/multipacks-3/
Kids,School Bags & Backpacks,School Uniform Shop,https://www.marksandspencer.com/ae/l/kids/school-uniform-shop/school-bags-and-backpacks/
Kids,School Blazers,School Uniform Shop,https://www.marksandspencer.com/ae/l/kids/school-uniform-shop/school-blazers/
Kids,School Jumpers & Cardigans,School Uniform Shop,https://www.marksandspencer.com/ae/l/kids/school-uniform-shop/school-jumpers-and-cardigans/
Kids,"School Shirts, Blouses & Polos",School Uniform Shop,https://www.marksandspencer.com/ae/l/kids/school-uniform-shop/school-shirts-blouses-and-polos/
Kids,School Shoes,School Uniform Shop,https://www.marksandspencer.com/ae/l/kids/school-uniform-shop/school-shoes/
Kids,School skirts & pinafores,School Uniform Shop,https://www.marksandspencer.com/ae/l/kids/school-uniform-shop/school-skirts-and-pinafores/
Kids,School Trousers,School Uniform Shop,https://www.marksandspencer.com/ae/l/kids/school-uniform-shop/school-trousers/
Kids,"Socks, Tights & Underwear",School Uniform Shop,https://www.marksandspencer.com/ae/l/kids/school-uniform-shop/socks-tights-and-underwear-2/
Kids,All Teen School Uniforms,School Uniform Shop,https://www.marksandspencer.com/ae/l/kids/school-uniform-shop/all-teen-school-uniforms/
Kids,Boys teen uniform,School Uniform Shop,https://www.marksandspencer.com/ae/l/kids/school-uniform-shop/boys-teen-uniform/
Kids,Girls Teen uniform,School Uniform Shop,https://www.marksandspencer.com/ae/l/kids/school-uniform-shop/girls-teen-uniform/
Kids,Innovations,School Uniform Shop,https://www.marksandspencer.com/ae/l/kids/school-uniform-shop/innovations/
Kids,Easy Dressing School Uniform,School Uniform Shop,https://www.marksandspencer.com/ae/l/kids/school-uniform-shop/easy-dressing-school-uniform/
Kids,School Coats,NA,https://www.marksandspencer.com/ae/l/kids/school-coats/
Kids,Boys Shirts & Polos,School Shirts,https://www.marksandspencer.com/ae/l/kids/school-shirts/boys-shirts-and-polos/
Kids,Girls Shirts & Polos,School Shirts,https://www.marksandspencer.com/ae/l/kids/school-shirts/girls-shirts-and-polos/
Kids,School Shoes,NA,https://www.marksandspencer.com/ae/l/kids/school-shoes/
Kids,Girls Trousers,School Trousers,https://www.marksandspencer.com/ae/l/kids/school-trousers/girls-trousers/
Kids,Boys Trousers,School Trousers,https://www.marksandspencer.com/ae/l/kids/school-trousers/boys-trousers/
Kids,Sportswear,NA,https://www.marksandspencer.com/ae/l/kids/sportswear/
Kids,Teen Boys Uniform,Secondary School Uniform,https://www.marksandspencer.com/ae/l/kids/secondary-school-uniform/teen-boys-uniform/
Kids,Teen Girls Uniform,Secondary School Uniform,https://www.marksandspencer.com/ae/l/kids/secondary-school-uniform/teen-girls-uniform/
Kids,Coats & Jackets,NA,https://www.marksandspencer.com/ae/l/kids-girls/coats-jackets/
Kids,Casual Dresses & Skirts,Dresses & Jumpsuits,https://www.marksandspencer.com/ae/l/kids/dresses-and-jumpsuits/casual-dresses-and-skirts/
Kids,Jumpsuits & Playsuits,Dresses & Jumpsuits,https://www.marksandspencer.com/ae/l/kids/dresses-and-jumpsuits/jumpsuits-and-playsuits/
Kids,Occasion Dresses,Dresses & Jumpsuits,https://www.marksandspencer.com/ae/l/kids/dresses-and-jumpsuits/occasion-dresses/
Kids,Coats & Jackets,Girls' Clothing,https://www.marksandspencer.com/ae/l/kids/girls-clothing/coats-and-jackets/
Kids,Dresses & Jumpsuits,Girls' Clothing,https://www.marksandspencer.com/ae/l/kids/girls-clothing/dresses-and-jumpsuits/
Kids,Outfits ideas for Girls,Girls' Clothing,https://www.marksandspencer.com/ae/l/kids/girls-clothing/outfits-ideas-for-girls/
Kids,"Jumpers, Sweatshirts, Cardigans",Girls' Clothing,https://www.marksandspencer.com/ae/l/kids/girls-clothing/jumpers-sweatshirts-cardigans/
Kids,Pyjamas & Dressing gowns,Girls' Clothing,https://www.marksandspencer.com/ae/l/kids/girls-clothing/pyjamas-and-dressing-gowns/
Kids,"Trousers, Leggings & Shorts",Girls' Clothing,https://www.marksandspencer.com/ae/l/kids/girls-clothing/trousers-leggings-and-shorts/
Kids,Shoes & Sandals,Girls' Clothing,https://www.marksandspencer.com/ae/l/kids/girls-clothing/shoes-and-sandals/
Kids,Socks & Tights,Girls' Clothing,https://www.marksandspencer.com/ae/l/kids/girls-clothing/socks-and-tights/
Kids,Sports & Dance,Girls' Clothing,https://www.marksandspencer.com/ae/l/kids/girls-clothing/sports-and-dance/
Kids,Tops & T-Shirts,Girls' Clothing,https://www.marksandspencer.com/ae/l/kids/girls-clothing/tops-and-t-shirts/
Kids,Underwear,Girls' Clothing,https://www.marksandspencer.com/ae/l/kids/girls-clothing/underwear/
Kids,"Hats, Scarves & Gloves",Girls' Clothing,https://www.marksandspencer.com/ae/l/kids/girls-clothing/hats-scarves-gloves/
Kids,Jumpsuits & Playsuits,Girls' Clothing,https://www.marksandspencer.com/ae/l/kids/girls-clothing/jumpsuits-and-playsuits-redirect/
Kids,Shorts,Girls' Clothing,https://www.marksandspencer.com/ae/l/kids/girls-clothing/shorts/
Kids,Cardigans,Jumpers & Sweatshirts,https://www.marksandspencer.com/ae/l/kids/jumpers-and-sweatshirts/cardigans/
Kids,Sweaters,Jumpers & Sweatshirts,https://www.marksandspencer.com/ae/l/kids/jumpers-and-sweatshirts/sweaters/
Kids,Zip Through,Jumpers & Sweatshirts,https://www.marksandspencer.com/ae/l/kids/jumpers-and-sweatshirts/zip-through/
Kids,Nightdresses,Pyjamas & Onesies,https://www.marksandspencer.com/ae/l/kids/pyjamas-and-onesies/nightdresses/
Kids,Special Needs: Sleepsuits (3-16 Years),Pyjamas & Onesies,https://www.marksandspencer.com/ae/l/kids-girls/pyjamas-and-onesies/special-needs-sleepsuits-3-16-years/
Kids,Slippers,Pyjamas & Onesies,https://www.marksandspencer.com/ae/l/kids-girls/pyjamas-and-robes/slippers/
Kids,Onesies,Pyjamas & Onesies,https://www.marksandspencer.com/ae/l/kids-girls/pyjamas-and-robes/onesies/
Kids,Pyjamas,Pyjamas & Onesies,https://www.marksandspencer.com/ae/l/kids-girls/pyjamas-and-robes/pyjamas/
Kids,Dressing gowns,Pyjamas & Onesies,https://www.marksandspencer.com/ae/l/kids-girls/pyjamas-and-robes/dressing-gowns/
Kids,Casual Shoes,"Shoes, Boots & Slippers",https://www.marksandspencer.com/ae/l/kids-girls/shoes-sneakers-and-slippers/casual-shoes/
Kids,Sandals & flip flops,"Shoes, Boots & Slippers",https://www.marksandspencer.com/ae/l/kids-girls/shoes-sneakers-and-slippers/sandals-and-thongs/
Kids,School Shoes,"Shoes, Boots & Slippers",https://www.marksandspencer.com/ae/l/kids-girls/shoes-and-sandals/school-shoes/
Kids,Slippers,"Shoes, Boots & Slippers",https://www.marksandspencer.com/ae/l/kids/shoes-boots-and-slippers/slippers/
Kids,Smart Shoes,"Shoes, Boots & Slippers",https://www.marksandspencer.com/ae/l/kids-girls/shoes-sneakers-and-slippers/smart-shoes/
Kids,Trainers,"Shoes, Boots & Slippers",https://www.marksandspencer.com/ae/l/kids-girls/shoes-sneakers-and-slippers/sneakers/
Kids,Walkmates,"Shoes, Boots & Slippers",https://www.marksandspencer.com/ae/l/kids/shoes-trainers-slippers-girls/walkmates/
Kids,Wellies,"Shoes, Boots & Slippers",https://www.marksandspencer.com/ae/l/kids-girls/shoes-sneakers-and-slippers/wellies/
Kids,Socks,Socks & Tights,https://www.marksandspencer.com/ae/l/kids/socks-and-tights/socks/
Kids,School Socks & Tights,Socks & Tights,https://www.marksandspencer.com/ae/l/kids/socks-and-tights/school-socks-and-tights/
Kids,Sports Socks,Socks & Tights,https://www.marksandspencer.com/ae/l/kids/socks-and-tights/sports-socks/
Kids,Tights,Socks & Tights,https://www.marksandspencer.com/ae/l/kids/socks-and-tights/tights/
Kids,Swimsuit,Swim & Holiday,https://www.marksandspencer.com/ae/l/kids/swim-and-holiday/swimsuit/
Kids,Dresses,Swim & Holiday,https://www.marksandspencer.com/ae/l/kids/swim-and-holiday/dresses/
Kids,Tankini,Swim & Holiday,https://www.marksandspencer.com/ae/l/kids/swim-and-holiday/tankini/
Kids,Playsuits,Swim & Holiday,https://www.marksandspencer.com/ae/l/kids/swim-and-holiday/playsuits/
Kids,Shorts,Trousers & Shorts,https://www.marksandspencer.com/ae/l/kids/trousers-and-shorts/shorts/
Kids,Leggings & Jeggings,Trousers & Shorts,https://www.marksandspencer.com/ae/l/kids/trousers-and-shorts/leggings-and-jeggings/
Kids,Jeans,Trousers & Shorts,https://www.marksandspencer.com/ae/l/kids/trousers-and-shorts/jeans/
Kids,Blouse,Tops & T-Shirts,https://www.marksandspencer.com/ae/l/kids/tops-and-t-shirts/blouse/
Kids,All Tops,Tops & T-Shirts,https://www.marksandspencer.com/ae/l/kids/tops-and-t-shirts/all-tops/
Kids,T-Shirts,Tops & T-Shirts,https://www.marksandspencer.com/ae/l/kids/tops-and-t-shirts/t-shirts/
Kids,Camisoles,Tops & T-Shirts,https://www.marksandspencer.com/ae/l/kids/tops-and-t-shirts/camisoles/
Kids,Thermals,Underwear,https://www.marksandspencer.com/ae/l/kids/underwear/thermals/
Kids,Special Needs: Bodies (3-16 years),Underwear,https://www.marksandspencer.com/ae/l/kids-girls/underwear/special-needs-bodies-3-16-years/
Kids,Bras,Underwear,https://www.marksandspencer.com/ae/l/kids/underwear/bras/
Kids,Vests,Underwear,https://www.marksandspencer.com/ae/l/kids-girls/underwear/vests/
Kids,Multi-pack Briefs,Underwear,https://www.marksandspencer.com/ae/l/kids/underwear/multi-pack-briefs/
Kids,Boys' Suits,Boys' Clothing,https://www.marksandspencer.com/ae/l/kids/boys-clothing/boys-suits/
Kids,Coats & Jackets,Boys' Clothing,https://www.marksandspencer.com/ae/l/kids/boys-clothing/coats-and-jackets/
Kids,Joggers & Sports Kits,Boys' Clothing,https://www.marksandspencer.com/ae/l/kids/boys-clothing/joggers-and-sports-kits/
Kids,Outfit Ideas for Boys,Boys' Clothing,https://www.marksandspencer.com/ae/l/kids/boys-clothing/outfit-ideas-for-boys-redirect/
Kids,Pyjamas & Dressing gowns,Boys' Clothing,https://www.marksandspencer.com/ae/l/kids/boys-clothing/pyjamas-and-dressing-gowns/
Kids,Shirts,Boys' Clothing,https://www.marksandspencer.com/ae/l/kids/boys-clothing/shirts/
Kids,Shoes & Sandals,Boys' Clothing,https://www.marksandspencer.com/ae/l/kids/boys-clothing/shoes-and-sandals/
Kids,Socks,Boys' Clothing,https://www.marksandspencer.com/ae/l/kids/boys-clothing/socks/
Kids,"Jumpers, Sweatshirts, Cardigans",Boys' Clothing,https://www.marksandspencer.com/ae/l/kids/boys-clothing/jumpers-sweatshirts-cardigans/
Kids,T-Shirts & Polo Shirts,Boys' Clothing,https://www.marksandspencer.com/ae/l/kids/boys-clothing/t-shirts-and-polo-shirts/
Kids,"Trousers, Joggers & Shorts",Boys' Clothing,https://www.marksandspencer.com/ae/l/kids/boys-clothing/trousers-joggers-and-shorts/
Kids,Underwear,Boys' Clothing,https://www.marksandspencer.com/ae/l/kids/boys-clothing/underwear/
Kids,Accessories,Boys' Clothing,https://www.marksandspencer.com/ae/l/kids/boys-clothing/accessories/
Kids,Thermals,Boys' Clothing,https://www.marksandspencer.com/ae/l/kids/boys-clothing/thermals/
Kids,Blazers,Suits,https://www.marksandspencer.com/ae/l/kids/suits/blazers/
Kids,Trousers,Suits,https://www.marksandspencer.com/ae/l/kids/suits/trousers/
Kids,Waistcoats,Suits,https://www.marksandspencer.com/ae/l/kids/suits/waistcoats/
Kids,Ties,Suits,https://www.marksandspencer.com/ae/l/kids/suits/ties/
Kids,Coats,Coats & Jackets,https://www.marksandspencer.com/ae/l/kids/coats-and-jackets-2/coats/
Kids,Raincoat,Coats & Jackets,https://www.marksandspencer.com/ae/l/kids/coats-and-jackets-2/raincoat/
Kids,Jackets,Coats & Jackets,https://www.marksandspencer.com/ae/l/kids/coats-and-jackets-2/jackets/
Kids,Zip Through,Jumpers & Sweatshirts,https://www.marksandspencer.com/ae/l/kids/jumpers-and-sweatshirts-2/zip-through/
Kids,Sweaters,Jumpers & Sweatshirts,https://www.marksandspencer.com/ae/l/kids/jumpers-and-sweatshirts-2/sweaters/
Kids,Sweatshirts,Jumpers & Sweatshirts,https://www.marksandspencer.com/ae/l/kids/jumpers-and-sweatshirts-2/sweatshirts/
Kids,Slippers,Pyjamas & Onesies,https://www.marksandspencer.com/ae/l/kids-boys/pyjamas-and-robes/slippers/
Kids,Onesies,Pyjamas & Onesies,https://www.marksandspencer.com/ae/l/kids-boys/pajamas-and-bath-robes/onesies/
Kids,Special Needs: Sleepsuits (3-16 Years),Pyjamas & Onesies,https://www.marksandspencer.com/ae/l/kids-boys/pyjamas-and-onesies/special-needs-sleepsuits-3-16-years/
Kids,Pyjamas,Pyjamas & Onesies,https://www.marksandspencer.com/ae/l/kids-boys/pyjamas-and-robes/pyjamas/
Kids,Dressing gowns,Pyjamas & Onesies,https://www.marksandspencer.com/ae/l/kids-boys/pyjamas-and-robes/dressing-gowns/
Kids,Casual Shoes,"Shoes, Boots & Slippers",https://www.marksandspencer.com/ae/l/kids-boys/shoes-sneakers-and-slippers/casual-shoes/
Kids,Sandals & flip flops,"Shoes, Boots & Slippers",https://www.marksandspencer.com/ae/l/kids-boys/shoes-sneakers-and-slippers/sandals-and-thongs/
Kids,School Shoes,"Shoes, Boots & Slippers",https://www.marksandspencer.com/ae/l/kids-boys/shoes-and-sandals/school-shoes/
Kids,Slippers,"Shoes, Boots & Slippers",https://www.marksandspencer.com/ae/l/kids/shoespct2c-sneakers-pct26-slippers/slippers-boys/
Kids,Smart Shoes,"Shoes, Boots & Slippers",https://www.marksandspencer.com/ae/l/kids-boys/shoes-sneakers-and-slippers/smart-shoes/
Kids,Trainers,"Shoes, Boots & Slippers",https://www.marksandspencer.com/ae/l/kids-boys/shoes-sneakers-and-slippers/sneakers/
Kids,Walkmates,"Shoes, Boots & Slippers",https://www.marksandspencer.com/ae/l/kids/shoes-trainers-slippers-boys/walkmates/
Kids,Wellies,"Shoes, Boots & Slippers",https://www.marksandspencer.com/ae/l/kids-boys/shoes-sneakers-and-slippers/wellies/
Kids,School Socks,Socks,https://www.marksandspencer.com/ae/l/kids/socks/school-socks/
Kids,Sports Socks,Socks,https://www.marksandspencer.com/ae/l/kids/socks/sports-socks/
Kids,Swim Short,Swim & Holiday,https://www.marksandspencer.com/ae/l/kids/swim-and-holiday-2/swim-short/
Kids,Swimsuit,Swim & Holiday,https://www.marksandspencer.com/ae/l/kids/swim-and-holiday-2/swimsuit/
Kids,Rash Vests,Swim & Holiday,https://www.marksandspencer.com/ae/l/kids/swim-and-holiday-2/rash-vests/
Kids,Shorts,Trousers & Shorts,https://www.marksandspencer.com/ae/l/kids/trousers-and-shorts-2/shorts/
Kids,Jeans,Trousers & Shorts,https://www.marksandspencer.com/ae/l/kids/trousers-and-shorts-2/jeans/
Kids,Trousers,Trousers & Shorts,https://www.marksandspencer.com/ae/l/kids/trousers-and-shorts-2/trousers/
Kids,Joggers,Trousers & Shorts,https://www.marksandspencer.com/ae/l/kids/trousers-and-shorts-2/joggers/
Kids,Polo Shirts,T-Shirts & Polo Shirts,https://www.marksandspencer.com/ae/l/kids/t-shirts-and-polo-shirts/polo-shirts/
Kids,T-Shirts,T-Shirts & Polo Shirts,https://www.marksandspencer.com/ae/l/kids/t-shirts-and-polo-shirts/t-shirts/
Kids,Rugby,T-Shirts & Polo Shirts,https://www.marksandspencer.com/ae/l/kids/t-shirts-and-polo-shirts/rugby/
Kids,Two piece set,T-Shirts & Polo Shirts,https://www.marksandspencer.com/ae/l/kids/t-shirts-and-polo-shirts/two-piece-set/
Kids,Slips,Underwear,https://www.marksandspencer.com/ae/l/kids-boys/underwear/slips/
Kids,Special Needs: Bodies (3-16 years),Underwear,https://www.marksandspencer.com/ae/l/kids-boys/underwear/special-needs-bodies-3-16-years/
Kids,Thermals,Underwear,https://www.marksandspencer.com/ae/l/kids/underwear/boys-thermals/
Kids,Trunks,Underwear,https://www.marksandspencer.com/ae/l/kids/underwear-2/trunks/
Kids,Vests,Underwear,https://www.marksandspencer.com/ae/l/kids-boys/underwear/vests/
Kids,Halloween,NA,https://www.marksandspencer.com/ae/l/kids/halloween/
Kids,Girls' partywear,Partywear,https://www.marksandspencer.com/ae/l/kids/partywear-2/girls-partywear/
Kids,Boys' partywear,Partywear,https://www.marksandspencer.com/ae/l/kids/partywear-2/boys-partywear/
Kids,Girls Easy Dressing,Easy Dressing,https://www.marksandspencer.com/ae/l/kids/easy-dressing/girls-easy-dressing/
Kids,Boys Easy Dressing,Easy Dressing,https://www.marksandspencer.com/ae/l/kids/easy-dressing/boys-easy-dressing/
Kids,Boys Shoes & Accessories,Wedding & Occasions,https://www.marksandspencer.com/ae/l/kids/wedding-and-occasions/boys-shoes-and-accessories/
Kids,Flower Girl & Bridesmaid Dresses,Wedding & Occasions,https://www.marksandspencer.com/ae/l/kids/wedding-and-occasions/flower-girl-and-bridesmaid-dresses/
Kids,Girls Shoes & Accessories,Wedding & Occasions,https://www.marksandspencer.com/ae/l/kids/wedding-and-occasions/girls-shoes-and-accessories/
Kids,Page Boys,Wedding & Occasions,https://www.marksandspencer.com/ae/l/kids/wedding-and-occasions/page-boys/
Kids,Girls' partywear,Wedding & Occasions,https://www.marksandspencer.com/ae/l/kids/wedding-and-occasions/girls-partywear/
Kids,Boys' Suits,Wedding & Occasions,https://www.marksandspencer.com/ae/l/kids/wedding-and-occasions/boys-suits/
Kids,Communion,Wedding & Occasions,https://www.marksandspencer.com/ae/l/kids/wedding-and-occasions/communion/
Kids,Denim,NA,https://www.marksandspencer.com/ae/l/kids/denim-collection/
Home,Bedding Sets,All Bedding,https://www.marksandspencer.com/ae/l/home/all-bedding/bedding-sets/
Home,Bedspreads & Throws,All Bedding,https://www.marksandspencer.com/ae/l/home/all-bedding/bedspreads-and-throws/
Home,Duvet Covers,All Bedding,https://www.marksandspencer.com/ae/l/home/all-bedding/duvet-covers/
Home,Bed Sheets,All Bedding,https://www.marksandspencer.com/ae/l/home/all-bedding/bed-sheets/
Home,Pillowcases,All Bedding,https://www.marksandspencer.com/ae/l/home/all-bedding/pillowcases/
Home,Children's Bedding,All Bedding,https://www.marksandspencer.com/ae/l/home/all-bedding/childrens-bedding/
Home,Duvets,All Bedding,https://www.marksandspencer.com/ae/l/home/all-bedding/duvets/
Home,Pillows,All Bedding,https://www.marksandspencer.com/ae/l/home/all-bedding/pillows/
Home,Mattress Protectors & Toppers,All Bedding,https://www.marksandspencer.com/ae/l/home/all-bedding/mattress-protectors-and-toppers/
Home,Plain Bedding,All Bedding,https://www.marksandspencer.com/ae/l/home/all-bedding/plain-bedding/
Home,Pattern Bedding,All Bedding,https://www.marksandspencer.com/ae/l/home/all-bedding/pattern-bedding/
Home,Bedding Sets,NA,https://www.marksandspencer.com/ae/l/home/bedding-sets/
Home,Bed Sheets & Pillowcases,NA,https://www.marksandspencer.com/ae/l/home/bed-sheets-and-pillowcases/
Home,Bedspreads & Throws,NA,https://www.marksandspencer.com/ae/l/home/bedspreads-and-throws/
Home,Duvets & Pillows,NA,https://www.marksandspencer.com/ae/l/home/duvets-and-pillows/
Home,Mattress Protectors,NA,https://www.marksandspencer.com/ae/l/home/mattress-protectors/
Home,Plain Bedding,NA,https://www.marksandspencer.com/ae/l/home/plain-bedding/
Home,Patterned Bedding,NA,https://www.marksandspencer.com/ae/l/home/patterned-bedding/
Home,Bath & Pedestal Mats,NA,https://www.marksandspencer.com/ae/l/home/bath-and-pedestal-mats/
Home,Bathroom Mirrors,NA,https://www.marksandspencer.com/ae/l/home/bathroom-mirrors/
Home,Bathroom Accessories,NA,https://www.marksandspencer.com/ae/l/home/bathroom-accessories/
Home,Bath & Pedestal Mats,Towels & Bath Mats,https://www.marksandspencer.com/ae/l/home/towels-and-bath-mats/bath-and-pedestal-mats/
Home,Patterned Towels,Towels & Bath Mats,https://www.marksandspencer.com/ae/l/home/towels-and-bath-mats/patterned-towels/
Home,Plain Towels,Towels & Bath Mats,https://www.marksandspencer.com/ae/l/home/towels-and-bath-mats/plain-towels/
Home,All Towels,View All Bathroom,https://www.marksandspencer.com/ae/l/home/view-all-bathroom/all-towels/
Home,Beach Towels,View All Bathroom,https://www.marksandspencer.com/ae/l/home/view-all-bathroom/beach-towels/
Home,Patterned Towels,View All Bathroom,https://www.marksandspencer.com/ae/l/home/view-all-bathroom/patterned-towels/
Home,Plain Towels,View All Bathroom,https://www.marksandspencer.com/ae/l/home/view-all-bathroom/plain-towels/
Home,Bath & Pedestal Mats,View All Bathroom,https://www.marksandspencer.com/ae/l/home/view-all-bathroom/bath-and-pedestal-mats/
Home,Bathroom Mirrors,View All Bathroom,https://www.marksandspencer.com/ae/l/home/view-all-bathroom/bathroom-mirrors/
Home,Shower Curtains,View All Bathroom,https://www.marksandspencer.com/ae/l/home/view-all-bathroom/shower-curtains/
Home,Bathroom Accessories,View All Bathroom,https://www.marksandspencer.com/ae/l/home/view-all-bathroom/bathroom-accessories/
Home,Bathroom Fittings,View All Bathroom,https://www.marksandspencer.com/ae/l/home/view-all-bathroom/bathroom-fittings/
Home,Measuring Spoons & Cups,Bakeware,https://www.marksandspencer.com/ae/l/home/bakeware/measuring-spoons-and-cups/
Home,Baking Utensils,Bakeware,https://www.marksandspencer.com/ae/l/home/bakeware/baking-utensils/
Home,Baking Trays,Bakeware,https://www.marksandspencer.com/ae/l/home/bakeware/baking-trays/
Home,Cake Tins & Cupcake Cases,Bakeware,https://www.marksandspencer.com/ae/l/home/bakeware/cake-tins-and-cupcake-cases/
Home,Cake Stands,Bakeware,https://www.marksandspencer.com/ae/l/home/bakeware/cake-stands/
Home,Frying Pans & Griddle Pans,Cookware,https://www.marksandspencer.com/ae/l/home/cookware/frying-pans-and-griddle-pans/
Home,Saucepans,Cookware,https://www.marksandspencer.com/ae/l/home/cookware/saucepans/
Home,Roasting Pans,Cookware,https://www.marksandspencer.com/ae/l/home/cookware/roasting-pans/
Home,Casseroles Dishes & Stockpots,Cookware,https://www.marksandspencer.com/ae/l/home/cookware/casseroles-dishes-and-stockpots/
Home,Steamers & Poachers,Cookware,https://www.marksandspencer.com/ae/l/home/cookware/steamers-and-poachers/
Home,Woks,Cookware,https://www.marksandspencer.com/ae/l/home/cookware/woks/
Home,Chopping Boards,Cookware,https://www.marksandspencer.com/ae/l/home/cookware/chopping-boards/
Home,Sieves & Colanders,Cookware,https://www.marksandspencer.com/ae/l/home/cookware/sieves-and-colanders/
Home,Salt & Pepper Grinders,Cookware,https://www.marksandspencer.com/ae/l/home/cookware/salt-and-pepper-grinders/
Home,Measuring Jugs & Spoons,Cookware,https://www.marksandspencer.com/ae/l/home/cookware/measuring-jugs-and-spoons/
Home,Microwavable,Cookware,https://www.marksandspencer.com/ae/l/home/cookware/microwavable/
Home,Kitchen Storage,Cookware,https://www.marksandspencer.com/ae/l/home/cookware/kitchen-storage/
Home,Kitchen Utensils & Gadgets,Cookware,https://www.marksandspencer.com/ae/l/home/cookware/kitchen-utensils-and-gadgets/
Home,"Aprons, Oven Gloves & Tea Towels",Cookware,https://www.marksandspencer.com/ae/l/home/cookware/aprons-oven-gloves-and-tea-towels/
Home,M&S Chef,Cookware,https://www.marksandspencer.com/ae/l/home/cookware/mands-chef/
Home,Teapots & Cafetires,Crockery,https://www.marksandspencer.com/ae/l/home/crockery/teapots-and-cafeti%C3%A8res/
Home,Mugs,Crockery,https://www.marksandspencer.com/ae/l/home/crockery/mugs/
Home,Cups & Saucers,Crockery,https://www.marksandspencer.com/ae/l/home/crockery/cups-and-saucers/
Home,Plates,Crockery,https://www.marksandspencer.com/ae/l/home/crockery/plates/
Home,Egg Cups,Crockery,https://www.marksandspencer.com/ae/l/home/crockery/egg-cups/
Home,Cutlery,Crockery,https://www.marksandspencer.com/ae/l/home/crockery/cutlery/
Home,Bowls,Crockery,https://www.marksandspencer.com/ae/l/home/crockery/bowls/
Home,Serving Dishes,Crockery,https://www.marksandspencer.com/ae/l/home/crockery/serving-dishes/
Home,Dining Sets,Crockery,https://www.marksandspencer.com/ae/l/home/crockery/dining-sets/
Home,Jugs,Crockery,https://www.marksandspencer.com/ae/l/home/crockery/jugs/
Home,Milk Jugs & Sugar Bowls,Crockery,https://www.marksandspencer.com/ae/l/home/crockery/milk-jugs-and-sugar-bowls/
Home,Barware,Glassware,https://www.marksandspencer.com/ae/l/home/glassware/barware/
Home,Wine Glasses,Glassware,https://www.marksandspencer.com/ae/l/home/glassware/wine-glasses/
Home,Tumblers,Glassware,https://www.marksandspencer.com/ae/l/home/glassware/tumblers/
Home,Cocktail Glasses,Glassware,https://www.marksandspencer.com/ae/l/home/glassware/cocktail-glasses/
Home,Champagne Flute,Glassware,https://www.marksandspencer.com/ae/l/home/glassware/champagne-flute/
Home,Kitchen Storage,NA,https://www.marksandspencer.com/ae/l/home/kitchen-storage/
Home,Table Linen & Placemats,NA,https://www.marksandspencer.com/ae/l/home/table-linen-and-placemats/
Home,"Mugs, Cups & Saucers","Teapots, Cups & Mugs",https://www.marksandspencer.com/ae/l/home/teapots-cups-and-mugs/mugs-cups-and-saucers/
Home,Teapots & Cafetieres,"Teapots, Cups & Mugs",https://www.marksandspencer.com/ae/l/home/teapots-cups-and-mugs/teapots-and-cafetieres/
Home,Milk Jugs & Sugar Bowls,"Teapots, Cups & Mugs",https://www.marksandspencer.com/ae/l/home/teapots-cups-and-mugs/milk-jugs-and-sugar-bowls/
Home,Cake stands and side plates,"Teapots, Cups & Mugs",https://www.marksandspencer.com/ae/l/home/teapots-cups-and-mugs/cake-stands-and-side-plates/
Home,Trays,"Teapots, Cups & Mugs",https://www.marksandspencer.com/ae/l/home/teapots-cups-and-mugs/trays/
Home,Trays,NA,https://www.marksandspencer.com/ae/l/home/trays/
Home,Artificial Flowers,NA,https://www.marksandspencer.com/ae/l/home/artificial-flowers/
Home,Candle Holders & Lanterns,NA,https://www.marksandspencer.com/ae/l/home/candle-holders-and-lanterns/
Home,Garden Accessories & Planters,NA,https://www.marksandspencer.com/ae/l/home/garden-accessories-and-planters/
Home,Mirrors & Wall Arts,NA,https://www.marksandspencer.com/ae/l/home/mirrors-and-wall-arts/
Home,Ornaments & Figurines,NA,https://www.marksandspencer.com/ae/l/home/ornaments-and-figurines/
Home,Photo Frames,NA,https://www.marksandspencer.com/ae/l/home/photo-frames/
Home,Storage,NA,https://www.marksandspencer.com/ae/l/home/storage/
Home,Gift Bags & Boxes,NA,https://www.marksandspencer.com/ae/l/home/gift-bags-and-boxes/
Home,Vases,NA,https://www.marksandspencer.com/ae/l/home/vases/
Home,Ready-Made Curtains,NA,https://www.marksandspencer.com/ae/l/home/ready-made-curtains/
Home,Throws,Cushions & Throws,https://www.marksandspencer.com/ae/l/home/cushions-and-throws/throws/
Home,Cushions,Cushions & Throws,https://www.marksandspencer.com/ae/l/home/cushions-and-throws/cushions/
