Handel,Title,URL,Collection,Model/EAN/SKU,Type,Category,Sub Category,Price,Color,Size,Style Description,Img1,Img2,Img3,Img4
zipped-through-jumper-(3-months--7-years),Zipped Through Jumper (3 Months -7 Years),https://www.marksandspencer.com/ae/zipped-through-jumper-3-months--7-years/p/P60172205.html?dwvar_P60172205_color=E5,-,T88/5569I,Jumpers & Cardigans,https://www.marksandspencer.com/ae/silver-plated-heart-drop-earrings/p/000000000060137132.html,All Baby Boys,AED150.00,Bright Blue,3-4 years,"Product Style: Zip through Regular fit Zip closure fastening Lined Neck Shape: Hooded neck Sleeve length: Long sleeve 85% cotton, 15% polyester,Ribbing - 97% cotton, 3% elastane,Body lining - 100% polyester,Sleeve lining - 100% cotton,(exclusive of trimmings) Keep away from fire and flames Machine washable even at 30º Tumble dry",https://asset1.cxnmarksandspencer.com/is/image/mands/SD_04_T88_5569I_E5_X_EC_90?$V2$&hei=520&fmt=pjpeg,https://asset1.cxnmarksandspencer.com/is/image/mands/SD_04_T88_5569I_E5_X_EC_0?$V2$&hei=520&fmt=pjpeg,https://asset1.cxnmarksandspencer.com/is/image/mands/SD_04_T88_5569I_E5_X_EC_1?$V2$&hei=520&fmt=pjpeg,https://asset1.cxnmarksandspencer.com/is/image/mands/SD_04_T88_5569I_E5_X_EC_2?$V2$&hei=520&fmt=pjpeg
zipped-through-jumper-(3-months--7-years),Zipped Through Jumper (3 Months -7 Years),https://www.marksandspencer.com/ae/zipped-through-jumper-3-months--7-years/p/P60172205.html?dwvar_P60172205_color=E5,-,T88/5569I,Jumpers & Cardigans,https://www.marksandspencer.com/ae/silver-plated-heart-drop-earrings/p/000000000060137132.html,All Baby Boys,AED150.00,Bright Blue,3-6 months,"Product Style: Zip through Regular fit Zip closure fastening Lined Neck Shape: Hooded neck Sleeve length: Long sleeve 85% cotton, 15% polyester,Ribbing - 97% cotton, 3% elastane,Body lining - 100% polyester,Sleeve lining - 100% cotton,(exclusive of trimmings) Keep away from fire and flames Machine washable even at 30º Tumble dry",https://asset1.cxnmarksandspencer.com/is/image/mands/SD_04_T88_5569I_E5_X_EC_90?$V2$&hei=520&fmt=pjpeg,https://asset1.cxnmarksandspencer.com/is/image/mands/SD_04_T88_5569I_E5_X_EC_0?$V2$&hei=520&fmt=pjpeg,https://asset1.cxnmarksandspencer.com/is/image/mands/SD_04_T88_5569I_E5_X_EC_1?$V2$&hei=520&fmt=pjpeg,https://asset1.cxnmarksandspencer.com/is/image/mands/SD_04_T88_5569I_E5_X_EC_2?$V2$&hei=520&fmt=pjpeg
zipped-through-jumper-(3-months--7-years),Zipped Through Jumper (3 Months -7 Years),https://www.marksandspencer.com/ae/zipped-through-jumper-3-months--7-years/p/P60172205.html?dwvar_P60172205_color=E5,-,T88/5569I,Jumpers & Cardigans,https://www.marksandspencer.com/ae/silver-plated-heart-drop-earrings/p/000000000060137132.html,All Baby Boys,AED150.00,Bright Blue,4-5 years,"Product Style: Zip through Regular fit Zip closure fastening Lined Neck Shape: Hooded neck Sleeve length: Long sleeve 85% cotton, 15% polyester,Ribbing - 97% cotton, 3% elastane,Body lining - 100% polyester,Sleeve lining - 100% cotton,(exclusive of trimmings) Keep away from fire and flames Machine washable even at 30º Tumble dry",https://asset1.cxnmarksandspencer.com/is/image/mands/SD_04_T88_5569I_E5_X_EC_90?$V2$&hei=520&fmt=pjpeg,https://asset1.cxnmarksandspencer.com/is/image/mands/SD_04_T88_5569I_E5_X_EC_0?$V2$&hei=520&fmt=pjpeg,https://asset1.cxnmarksandspencer.com/is/image/mands/SD_04_T88_5569I_E5_X_EC_1?$V2$&hei=520&fmt=pjpeg,https://asset1.cxnmarksandspencer.com/is/image/mands/SD_04_T88_5569I_E5_X_EC_2?$V2$&hei=520&fmt=pjpeg
zipped-through-jumper-(3-months--7-years),Zipped Through Jumper (3 Months -7 Years),https://www.marksandspencer.com/ae/zipped-through-jumper-3-months--7-years/p/P60172205.html?dwvar_P60172205_color=E5,-,T88/5569I,Jumpers & Cardigans,https://www.marksandspencer.com/ae/silver-plated-heart-drop-earrings/p/000000000060137132.html,All Baby Boys,AED150.00,Bright Blue,5-6 years,"Product Style: Zip through Regular fit Zip closure fastening Lined Neck Shape: Hooded neck Sleeve length: Long sleeve 85% cotton, 15% polyester,Ribbing - 97% cotton, 3% elastane,Body lining - 100% polyester,Sleeve lining - 100% cotton,(exclusive of trimmings) Keep away from fire and flames Machine washable even at 30º Tumble dry",https://asset1.cxnmarksandspencer.com/is/image/mands/SD_04_T88_5569I_E5_X_EC_90?$V2$&hei=520&fmt=pjpeg,https://asset1.cxnmarksandspencer.com/is/image/mands/SD_04_T88_5569I_E5_X_EC_0?$V2$&hei=520&fmt=pjpeg,https://asset1.cxnmarksandspencer.com/is/image/mands/SD_04_T88_5569I_E5_X_EC_1?$V2$&hei=520&fmt=pjpeg,https://asset1.cxnmarksandspencer.com/is/image/mands/SD_04_T88_5569I_E5_X_EC_2?$V2$&hei=520&fmt=pjpeg
zipped-through-jumper-(3-months--7-years),Zipped Through Jumper (3 Months -7 Years),https://www.marksandspencer.com/ae/zipped-through-jumper-3-months--7-years/p/P60172205.html?dwvar_P60172205_color=E5,-,T88/5569I,Jumpers & Cardigans,https://www.marksandspencer.com/ae/silver-plated-heart-drop-earrings/p/000000000060137132.html,All Baby Boys,Out of stock,Bright Blue,2-3 years,"Product Style: Zip through Regular fit Zip closure fastening Lined Neck Shape: Hooded neck Sleeve length: Long sleeve 85% cotton, 15% polyester,Ribbing - 97% cotton, 3% elastane,Body lining - 100% polyester,Sleeve lining - 100% cotton,(exclusive of trimmings) Keep away from fire and flames Machine washable even at 30º Tumble dry",https://asset1.cxnmarksandspencer.com/is/image/mands/SD_04_T88_5569I_E5_X_EC_90?$V2$&hei=520&fmt=pjpeg,https://asset1.cxnmarksandspencer.com/is/image/mands/SD_04_T88_5569I_E5_X_EC_0?$V2$&hei=520&fmt=pjpeg,https://asset1.cxnmarksandspencer.com/is/image/mands/SD_04_T88_5569I_E5_X_EC_1?$V2$&hei=520&fmt=pjpeg,https://asset1.cxnmarksandspencer.com/is/image/mands/SD_04_T88_5569I_E5_X_EC_2?$V2$&hei=520&fmt=pjpeg
zipped-through-jumper-(3-months--7-years),Zipped Through Jumper (3 Months -7 Years),https://www.marksandspencer.com/ae/zipped-through-jumper-3-months--7-years/p/P60172205.html?dwvar_P60172205_color=E5,-,T88/5569I,Jumpers & Cardigans,https://www.marksandspencer.com/ae/silver-plated-heart-drop-earrings/p/000000000060137132.html,All Baby Boys,Out of stock,Bright Blue,6-7 years,"Product Style: Zip through Regular fit Zip closure fastening Lined Neck Shape: Hooded neck Sleeve length: Long sleeve 85% cotton, 15% polyester,Ribbing - 97% cotton, 3% elastane,Body lining - 100% polyester,Sleeve lining - 100% cotton,(exclusive of trimmings) Keep away from fire and flames Machine washable even at 30º Tumble dry",https://asset1.cxnmarksandspencer.com/is/image/mands/SD_04_T88_5569I_E5_X_EC_90?$V2$&hei=520&fmt=pjpeg,https://asset1.cxnmarksandspencer.com/is/image/mands/SD_04_T88_5569I_E5_X_EC_0?$V2$&hei=520&fmt=pjpeg,https://asset1.cxnmarksandspencer.com/is/image/mands/SD_04_T88_5569I_E5_X_EC_1?$V2$&hei=520&fmt=pjpeg,https://asset1.cxnmarksandspencer.com/is/image/mands/SD_04_T88_5569I_E5_X_EC_2?$V2$&hei=520&fmt=pjpeg
zipped-through-jumper-(3-months--7-years),Zipped Through Jumper (3 Months -7 Years),https://www.marksandspencer.com/ae/zipped-through-jumper-3-months--7-years/p/P60172205.html?dwvar_P60172205_color=E5,-,T88/5569I,Jumpers & Cardigans,https://www.marksandspencer.com/ae/silver-plated-heart-drop-earrings/p/000000000060137132.html,All Baby Boys,Out of stock,Bright Blue,6-9 months,"Product Style: Zip through Regular fit Zip closure fastening Lined Neck Shape: Hooded neck Sleeve length: Long sleeve 85% cotton, 15% polyester,Ribbing - 97% cotton, 3% elastane,Body lining - 100% polyester,Sleeve lining - 100% cotton,(exclusive of trimmings) Keep away from fire and flames Machine washable even at 30º Tumble dry",https://asset1.cxnmarksandspencer.com/is/image/mands/SD_04_T88_5569I_E5_X_EC_90?$V2$&hei=520&fmt=pjpeg,https://asset1.cxnmarksandspencer.com/is/image/mands/SD_04_T88_5569I_E5_X_EC_0?$V2$&hei=520&fmt=pjpeg,https://asset1.cxnmarksandspencer.com/is/image/mands/SD_04_T88_5569I_E5_X_EC_1?$V2$&hei=520&fmt=pjpeg,https://asset1.cxnmarksandspencer.com/is/image/mands/SD_04_T88_5569I_E5_X_EC_2?$V2$&hei=520&fmt=pjpeg
zipped-through-jumper-(3-months--7-years),Zipped Through Jumper (3 Months -7 Years),https://www.marksandspencer.com/ae/zipped-through-jumper-3-months--7-years/p/P60172205.html?dwvar_P60172205_color=E5,-,T88/5569I,Jumpers & Cardigans,https://www.marksandspencer.com/ae/silver-plated-heart-drop-earrings/p/000000000060137132.html,All Baby Boys,Out of stock,Bright Blue,9-12 months,"Product Style: Zip through Regular fit Zip closure fastening Lined Neck Shape: Hooded neck Sleeve length: Long sleeve 85% cotton, 15% polyester,Ribbing - 97% cotton, 3% elastane,Body lining - 100% polyester,Sleeve lining - 100% cotton,(exclusive of trimmings) Keep away from fire and flames Machine washable even at 30º Tumble dry",https://asset1.cxnmarksandspencer.com/is/image/mands/SD_04_T88_5569I_E5_X_EC_90?$V2$&hei=520&fmt=pjpeg,https://asset1.cxnmarksandspencer.com/is/image/mands/SD_04_T88_5569I_E5_X_EC_0?$V2$&hei=520&fmt=pjpeg,https://asset1.cxnmarksandspencer.com/is/image/mands/SD_04_T88_5569I_E5_X_EC_1?$V2$&hei=520&fmt=pjpeg,https://asset1.cxnmarksandspencer.com/is/image/mands/SD_04_T88_5569I_E5_X_EC_2?$V2$&hei=520&fmt=pjpeg
zipped-through-jumper-(3-months--7-years),Zipped Through Jumper (3 Months -7 Years),https://www.marksandspencer.com/ae/zipped-through-jumper-3-months--7-years/p/P60172205.html?dwvar_P60172205_color=E5,-,T88/5569I,Jumpers & Cardigans,https://www.marksandspencer.com/ae/silver-plated-heart-drop-earrings/p/000000000060137132.html,All Baby Boys,Out of stock,Bright Blue,12-18 months,"Product Style: Zip through Regular fit Zip closure fastening Lined Neck Shape: Hooded neck Sleeve length: Long sleeve 85% cotton, 15% polyester,Ribbing - 97% cotton, 3% elastane,Body lining - 100% polyester,Sleeve lining - 100% cotton,(exclusive of trimmings) Keep away from fire and flames Machine washable even at 30º Tumble dry",https://asset1.cxnmarksandspencer.com/is/image/mands/SD_04_T88_5569I_E5_X_EC_90?$V2$&hei=520&fmt=pjpeg,https://asset1.cxnmarksandspencer.com/is/image/mands/SD_04_T88_5569I_E5_X_EC_0?$V2$&hei=520&fmt=pjpeg,https://asset1.cxnmarksandspencer.com/is/image/mands/SD_04_T88_5569I_E5_X_EC_1?$V2$&hei=520&fmt=pjpeg,https://asset1.cxnmarksandspencer.com/is/image/mands/SD_04_T88_5569I_E5_X_EC_2?$V2$&hei=520&fmt=pjpeg
zipped-through-jumper-(3-months--7-years),Zipped Through Jumper (3 Months -7 Years),https://www.marksandspencer.com/ae/zipped-through-jumper-3-months--7-years/p/P60172205.html?dwvar_P60172205_color=E5,-,T88/5569I,Jumpers & Cardigans,https://www.marksandspencer.com/ae/silver-plated-heart-drop-earrings/p/000000000060137132.html,All Baby Boys,Out of stock,Bright Blue,18-24 months,"Product Style: Zip through Regular fit Zip closure fastening Lined Neck Shape: Hooded neck Sleeve length: Long sleeve 85% cotton, 15% polyester,Ribbing - 97% cotton, 3% elastane,Body lining - 100% polyester,Sleeve lining - 100% cotton,(exclusive of trimmings) Keep away from fire and flames Machine washable even at 30º Tumble dry",https://asset1.cxnmarksandspencer.com/is/image/mands/SD_04_T88_5569I_E5_X_EC_90?$V2$&hei=520&fmt=pjpeg,https://asset1.cxnmarksandspencer.com/is/image/mands/SD_04_T88_5569I_E5_X_EC_0?$V2$&hei=520&fmt=pjpeg,https://asset1.cxnmarksandspencer.com/is/image/mands/SD_04_T88_5569I_E5_X_EC_1?$V2$&hei=520&fmt=pjpeg,https://asset1.cxnmarksandspencer.com/is/image/mands/SD_04_T88_5569I_E5_X_EC_2?$V2$&hei=520&fmt=pjpeg
silver-plated-heart-drop-earrings,Silver Plated Heart Drop Earrings,https://www.marksandspencer.com/ae/silver-plated-heart-drop-earrings/p/000000000060137132.html,M&S Collection,T06/2112P,Jumpers & Cardigans,https://www.marksandspencer.com/ae/silver-plated-heart-drop-earrings/p/000000000060137132.html,All Baby Boys,AED40.00,NA,NA,"Earring Length: 2.5cm Silver plated Product Style: Earrings For hygiene reasons, refunds will only be given in accordance with your legal rights",https://asset1.cxnmarksandspencer.com/is/image/mands/SD_01_T06_2112P_XX_X_EC_90?$V2$&hei=520&fmt=pjpeg,https://asset1.cxnmarksandspencer.com/is/image/mands/SD_01_T06_2112P_XX_X_EC_0?$V2$&hei=520&fmt=pjpeg,-,-
